batch_id,date,phase,size,sample_index,density_kgm3
BATCH-20260114-001,2026-01-14,Pre-Intervention,50x150x600,1,229.0
BATCH-20260114-001,2026-01-14,Pre-Intervention,50x150x600,2,218.0
BATCH-20260114-001,2026-01-14,Pre-Intervention,50x150x600,3,211.0
BATCH-20260114-001,2026-01-14,Pre-Intervention,50x150x600,4,228.0
BATCH-20260114-001,2026-01-14,Pre-Intervention,50x150x600,5,220.0
BATCH-20260114-001,2026-01-14,Pre-Intervention,50x150x600,6,213.0
BATCH-20260114-001,2026-01-14,Pre-Intervention,50x150x600,7,230.0
BATCH-20260511-002,2026-05-11,Post-Intervention,"1 1/4"" 50",1,234.0
BATCH-20260511-002,2026-05-11,Post-Intervention,"1 1/4"" 50",2,235.0
BATCH-20260511-002,2026-05-11,Post-Intervention,"1 1/4"" 50",3,229.0
BATCH-20260511-002,2026-05-11,Post-Intervention,"1 1/4"" 50",4,226.0
BATCH-20260511-002,2026-05-11,Post-Intervention,"1 1/4"" 50",5,221.0
BATCH-20260511-002,2026-05-11,Post-Intervention,"1 1/4"" 50",6,240.0
BATCH-20260512-003,2026-05-12,Post-Intervention,"1 1/4"" 50",1,246.0
BATCH-20260512-003,2026-05-12,Post-Intervention,"1 1/4"" 50",2,220.0
BATCH-20260512-003,2026-05-12,Post-Intervention,"1 1/4"" 50",3,233.0
BATCH-20260512-003,2026-05-12,Post-Intervention,"1 1/4"" 50",4,226.0
BATCH-20260512-003,2026-05-12,Post-Intervention,"1 1/4"" 50",5,241.0
BATCH-20260512-003,2026-05-12,Post-Intervention,"1 1/4"" 50",6,234.0
BATCH-20260512-003,2026-05-12,Post-Intervention,"1 1/4"" 50",7,239.0
BATCH-20260512-003,2026-05-12,Post-Intervention,"1 1/4"" 50",8,231.0
BATCH-20260512-003,2026-05-12,Post-Intervention,"1 1/4"" 50",9,221.0
BATCH-20260512-003,2026-05-12,Post-Intervention,"1 1/4"" 50",10,244.0
BATCH-20260512-003,2026-05-12,Post-Intervention,"1 1/4"" 50",11,226.0
BATCH-20260512-003,2026-05-12,Post-Intervention,"1 1/4"" 50",12,223.0
BATCH-20260512-003,2026-05-12,Post-Intervention,"1 1/4"" 50",13,220.0
BATCH-20260512-003,2026-05-12,Post-Intervention,"1 1/4"" 50",14,250.0
BATCH-20260512-003,2026-05-12,Post-Intervention,"1 1/4"" 50",15,235.0
BATCH-20260512-003,2026-05-12,Post-Intervention,"1 1/4"" 50",16,239.0
BATCH-20260518-004,2026-05-18,Post-Intervention,"1,5"" 50",1,243.0
BATCH-20260518-004,2026-05-18,Post-Intervention,"1,5"" 50",2,249.0
BATCH-20260518-004,2026-05-18,Post-Intervention,"1,5"" 50",3,245.0
BATCH-20260518-004,2026-05-18,Post-Intervention,"1,5"" 50",4,230.0
BATCH-20260518-004,2026-05-18,Post-Intervention,"1,5"" 50",5,253.0
BATCH-20260518-004,2026-05-18,Post-Intervention,"1,5"" 50",6,248.0
BATCH-20260518-004,2026-05-18,Post-Intervention,"1,5"" 50",7,250.0
BATCH-20260518-004,2026-05-18,Post-Intervention,"1,5"" 50",8,225.0
BATCH-20260518-004,2026-05-18,Post-Intervention,"1,5"" 50",9,249.0
BATCH-20260518-004,2026-05-18,Post-Intervention,"1,5"" 50",10,238.0
BATCH-20260518-004,2026-05-18,Post-Intervention,"1,5"" 50",11,233.0
BATCH-20260518-004,2026-05-18,Post-Intervention,"1,5"" 50",12,250.0
BATCH-20260518-004,2026-05-18,Post-Intervention,"1,5"" 50",13,238.0
BATCH-20260518-004,2026-05-18,Post-Intervention,"1,5"" 50",14,255.0
BATCH-20260518-004,2026-05-18,Post-Intervention,"1,5"" 50",15,225.0
BATCH-20260518-004,2026-05-18,Post-Intervention,"1,5"" 50",16,228.0
BATCH-20260518-004,2026-05-18,Post-Intervention,"1,5"" 50",17,226.0
BATCH-20260518-004,2026-05-18,Post-Intervention,"1,5"" 50",18,232.0
BATCH-20260518-004,2026-05-18,Post-Intervention,"1,5"" 50",19,251.0
BATCH-20260518-004,2026-05-18,Post-Intervention,"1,5"" 50",20,242.0
BATCH-20260518-004,2026-05-18,Post-Intervention,"1,5"" 50",21,221.0
BATCH-20260518-004,2026-05-18,Post-Intervention,"1,5"" 50",22,239.0
BATCH-20260518-004,2026-05-18,Post-Intervention,"1,5"" 50",23,242.0
BATCH-20260518-004,2026-05-18,Post-Intervention,"1,5"" 50",24,238.0
BATCH-20260518-004,2026-05-18,Post-Intervention,"1,5"" 50",25,253.0
BATCH-20260518-004,2026-05-18,Post-Intervention,"1,5"" 50",26,237.0
BATCH-20260518-004,2026-05-18,Post-Intervention,"1,5"" 50",27,251.0
BATCH-20260518-004,2026-05-18,Post-Intervention,"1,5"" 50",28,222.0
BATCH-20260519-005,2026-05-19,Post-Intervention,"1,5"" 50",1,264.0
BATCH-20260519-005,2026-05-19,Post-Intervention,"1,5"" 50",2,242.0
BATCH-20260519-005,2026-05-19,Post-Intervention,"1,5"" 50",3,231.0
BATCH-20260519-005,2026-05-19,Post-Intervention,"1,5"" 50",4,240.0
BATCH-20260519-005,2026-05-19,Post-Intervention,"1,5"" 50",5,234.0
BATCH-20260519-005,2026-05-19,Post-Intervention,"1,5"" 50",6,243.0
BATCH-20260519-005,2026-05-19,Post-Intervention,"1,5"" 50",7,249.0
BATCH-20260519-005,2026-05-19,Post-Intervention,"1,5"" 50",8,242.0
BATCH-20260519-005,2026-05-19,Post-Intervention,"1,5"" 50",9,226.0
BATCH-20260519-005,2026-05-19,Post-Intervention,"1,5"" 50",10,250.0
BATCH-20260519-005,2026-05-19,Post-Intervention,"1,5"" 50",11,244.0
BATCH-20260519-005,2026-05-19,Post-Intervention,"1,5"" 50",12,245.0
BATCH-20260617-006,2026-06-17,Post-Intervention,"1,5"" 50",1,242.0
BATCH-20260617-006,2026-06-17,Post-Intervention,"1,5"" 50",2,241.0
BATCH-20260617-006,2026-06-17,Post-Intervention,"1,5"" 50",3,260.0
BATCH-20260617-006,2026-06-17,Post-Intervention,"1,5"" 50",4,239.0
BATCH-20260617-006,2026-06-17,Post-Intervention,"1,5"" 50",5,241.0
BATCH-20260617-006,2026-06-17,Post-Intervention,"1,5"" 50",6,263.0
BATCH-20260617-006,2026-06-17,Post-Intervention,"1,5"" 50",7,243.0
BATCH-20260617-006,2026-06-17,Post-Intervention,"1,5"" 50",8,243.0
BATCH-20260617-006,2026-06-17,Post-Intervention,"1,5"" 50",9,255.0
BATCH-20260617-006,2026-06-17,Post-Intervention,"1,5"" 50",10,248.0
BATCH-20260617-006,2026-06-17,Post-Intervention,"1,5"" 50",11,259.0
BATCH-20260617-006,2026-06-17,Post-Intervention,"1,5"" 50",12,264.0
BATCH-20260617-006,2026-06-17,Post-Intervention,"1,5"" 50",13,260.0
BATCH-20260617-006,2026-06-17,Post-Intervention,"1,5"" 50",14,251.0
BATCH-20260617-006,2026-06-17,Post-Intervention,"1,5"" 50",15,245.0
BATCH-20260617-006,2026-06-17,Post-Intervention,"1,5"" 50",16,242.0
BATCH-20260617-006,2026-06-17,Post-Intervention,"1,5"" 50",17,249.0
BATCH-20260617-006,2026-06-17,Post-Intervention,"1,5"" 50",18,236.0
BATCH-20260617-006,2026-06-17,Post-Intervention,"1,5"" 50",19,255.0
BATCH-20260502-007,2026-05-02,Post-Intervention,"2"" 50",1,235.0
BATCH-20260502-007,2026-05-02,Post-Intervention,"2"" 50",2,252.0
BATCH-20260502-007,2026-05-02,Post-Intervention,"2"" 50",3,231.0
BATCH-20260502-007,2026-05-02,Post-Intervention,"2"" 50",4,241.0
BATCH-20260502-007,2026-05-02,Post-Intervention,"2"" 50",5,223.0
BATCH-20260502-007,2026-05-02,Post-Intervention,"2"" 50",6,237.0
BATCH-20260502-007,2026-05-02,Post-Intervention,"2"" 50",7,222.0
BATCH-20260503-008,2026-05-03,Post-Intervention,"2"" 50",1,251.0
BATCH-20260503-008,2026-05-03,Post-Intervention,"2"" 50",2,245.0
BATCH-20260503-008,2026-05-03,Post-Intervention,"2"" 50",3,234.0
BATCH-20260503-008,2026-05-03,Post-Intervention,"2"" 50",4,249.0
BATCH-20260503-008,2026-05-03,Post-Intervention,"2"" 50",5,241.0
BATCH-20260503-008,2026-05-03,Post-Intervention,"2"" 50",6,247.0
BATCH-20260503-008,2026-05-03,Post-Intervention,"2"" 50",7,239.0
BATCH-20260503-008,2026-05-03,Post-Intervention,"2"" 50",8,224.0
BATCH-20260503-008,2026-05-03,Post-Intervention,"2"" 50",9,230.0
BATCH-20260503-008,2026-05-03,Post-Intervention,"2"" 50",10,226.0
BATCH-20260503-008,2026-05-03,Post-Intervention,"2"" 50",11,240.0
BATCH-20260503-008,2026-05-03,Post-Intervention,"2"" 50",12,240.0
BATCH-20260503-008,2026-05-03,Post-Intervention,"2"" 50",13,255.0
BATCH-20260503-008,2026-05-03,Post-Intervention,"2"" 50",14,245.0
BATCH-20260503-008,2026-05-03,Post-Intervention,"2"" 50",15,250.0
BATCH-20260503-008,2026-05-03,Post-Intervention,"2"" 50",16,236.0
BATCH-20260503-008,2026-05-03,Post-Intervention,"2"" 50",17,238.0
BATCH-20260503-008,2026-05-03,Post-Intervention,"2"" 50",18,233.0
BATCH-20260503-008,2026-05-03,Post-Intervention,"2"" 50",19,238.0
BATCH-20260505-009,2026-05-05,Post-Intervention,"2"" 50",1,252.0
BATCH-20260505-009,2026-05-05,Post-Intervention,"2"" 50",2,251.0
BATCH-20260505-009,2026-05-05,Post-Intervention,"2"" 50",3,235.0
BATCH-20260505-009,2026-05-05,Post-Intervention,"2"" 50",4,246.0
BATCH-20260505-009,2026-05-05,Post-Intervention,"2"" 50",5,250.0
BATCH-20260505-009,2026-05-05,Post-Intervention,"2"" 50",6,244.0
BATCH-20260505-009,2026-05-05,Post-Intervention,"2"" 50",7,237.0
BATCH-20260505-009,2026-05-05,Post-Intervention,"2"" 50",8,242.0
BATCH-20260505-009,2026-05-05,Post-Intervention,"2"" 50",9,246.0
BATCH-20260506-010,2026-05-06,Post-Intervention,"2"" 50",1,234.0
BATCH-20260506-010,2026-05-06,Post-Intervention,"2"" 50",2,239.0
BATCH-20260506-010,2026-05-06,Post-Intervention,"2"" 50",3,253.0
BATCH-20260506-010,2026-05-06,Post-Intervention,"2"" 50",4,222.0
BATCH-20260506-010,2026-05-06,Post-Intervention,"2"" 50",5,239.0
BATCH-20260506-010,2026-05-06,Post-Intervention,"2"" 50",6,246.0
BATCH-20260506-010,2026-05-06,Post-Intervention,"2"" 50",7,250.0
BATCH-20260506-010,2026-05-06,Post-Intervention,"2"" 50",8,239.0
BATCH-20260506-010,2026-05-06,Post-Intervention,"2"" 50",9,227.0
BATCH-20260506-010,2026-05-06,Post-Intervention,"2"" 50",10,234.0
BATCH-20260506-010,2026-05-06,Post-Intervention,"2"" 50",11,225.0
BATCH-20260506-010,2026-05-06,Post-Intervention,"2"" 50",12,230.0
BATCH-20260506-010,2026-05-06,Post-Intervention,"2"" 50",13,251.0
BATCH-20260506-010,2026-05-06,Post-Intervention,"2"" 50",14,227.0
BATCH-20260506-010,2026-05-06,Post-Intervention,"2"" 50",15,221.0
BATCH-20260506-010,2026-05-06,Post-Intervention,"2"" 50",16,242.0
BATCH-20260506-010,2026-05-06,Post-Intervention,"2"" 50",17,221.0
BATCH-20260506-010,2026-05-06,Post-Intervention,"2"" 50",18,230.0
BATCH-20260507-011,2026-05-07,Post-Intervention,"2"" 50",1,260.0
BATCH-20260507-011,2026-05-07,Post-Intervention,"2"" 50",2,253.0
BATCH-20260507-011,2026-05-07,Post-Intervention,"2"" 50",3,236.0
BATCH-20260507-011,2026-05-07,Post-Intervention,"2"" 50",4,236.0
BATCH-20260507-011,2026-05-07,Post-Intervention,"2"" 50",5,224.0
BATCH-20260507-011,2026-05-07,Post-Intervention,"2"" 50",6,243.0
BATCH-20260507-011,2026-05-07,Post-Intervention,"2"" 50",7,244.0
BATCH-20260507-011,2026-05-07,Post-Intervention,"2"" 50",8,237.0
BATCH-20260507-011,2026-05-07,Post-Intervention,"2"" 50",9,233.0
BATCH-20260507-011,2026-05-07,Post-Intervention,"2"" 50",10,239.0
BATCH-20260507-011,2026-05-07,Post-Intervention,"2"" 50",11,241.0
BATCH-20260507-011,2026-05-07,Post-Intervention,"2"" 50",12,251.0
BATCH-20260507-011,2026-05-07,Post-Intervention,"2"" 50",13,242.0
BATCH-20260507-011,2026-05-07,Post-Intervention,"2"" 50",14,240.0
BATCH-20260507-011,2026-05-07,Post-Intervention,"2"" 50",15,225.0
BATCH-20260507-011,2026-05-07,Post-Intervention,"2"" 50",16,253.0
BATCH-20260507-011,2026-05-07,Post-Intervention,"2"" 50",17,226.0
BATCH-20260507-011,2026-05-07,Post-Intervention,"2"" 50",18,233.0
BATCH-20260507-011,2026-05-07,Post-Intervention,"2"" 50",19,229.0
BATCH-20260507-011,2026-05-07,Post-Intervention,"2"" 50",20,227.0
BATCH-20260507-011,2026-05-07,Post-Intervention,"2"" 50",21,227.0
BATCH-20260507-011,2026-05-07,Post-Intervention,"2"" 50",22,245.0
BATCH-20260507-011,2026-05-07,Post-Intervention,"2"" 50",23,221.0
BATCH-20260507-011,2026-05-07,Post-Intervention,"2"" 50",24,239.0
BATCH-20260507-011,2026-05-07,Post-Intervention,"2"" 50",25,234.0
BATCH-20260507-011,2026-05-07,Post-Intervention,"2"" 50",26,220.0
BATCH-20260507-011,2026-05-07,Post-Intervention,"2"" 50",27,220.0
BATCH-20260507-011,2026-05-07,Post-Intervention,"2"" 50",28,229.0
BATCH-20260507-011,2026-05-07,Post-Intervention,"2"" 50",29,226.0
BATCH-20260507-011,2026-05-07,Post-Intervention,"2"" 50",30,252.0
BATCH-20260508-012,2026-05-08,Post-Intervention,"2"" 50",1,230.0
BATCH-20260508-012,2026-05-08,Post-Intervention,"2"" 50",2,244.0
BATCH-20260508-012,2026-05-08,Post-Intervention,"2"" 50",3,238.0
BATCH-20260508-012,2026-05-08,Post-Intervention,"2"" 50",4,221.0
BATCH-20260508-012,2026-05-08,Post-Intervention,"2"" 50",5,227.0
BATCH-20260508-012,2026-05-08,Post-Intervention,"2"" 50",6,255.0
BATCH-20260508-012,2026-05-08,Post-Intervention,"2"" 50",7,225.0
BATCH-20260508-012,2026-05-08,Post-Intervention,"2"" 50",8,242.0
BATCH-20260508-012,2026-05-08,Post-Intervention,"2"" 50",9,229.0
BATCH-20260508-012,2026-05-08,Post-Intervention,"2"" 50",10,233.0
BATCH-20260508-012,2026-05-08,Post-Intervention,"2"" 50",11,241.0
BATCH-20260508-012,2026-05-08,Post-Intervention,"2"" 50",12,235.0
BATCH-20260508-012,2026-05-08,Post-Intervention,"2"" 50",13,247.0
BATCH-20260508-012,2026-05-08,Post-Intervention,"2"" 50",14,246.0
BATCH-20260508-012,2026-05-08,Post-Intervention,"2"" 50",15,245.0
BATCH-20260508-012,2026-05-08,Post-Intervention,"2"" 50",16,233.0
BATCH-20260508-012,2026-05-08,Post-Intervention,"2"" 50",17,234.0
BATCH-20260508-012,2026-05-08,Post-Intervention,"2"" 50",18,234.0
BATCH-20260508-012,2026-05-08,Post-Intervention,"2"" 50",19,249.0
BATCH-20260508-012,2026-05-08,Post-Intervention,"2"" 50",20,232.0
BATCH-20260508-012,2026-05-08,Post-Intervention,"2"" 50",21,220.0
BATCH-20260508-012,2026-05-08,Post-Intervention,"2"" 50",22,247.0
BATCH-20260508-012,2026-05-08,Post-Intervention,"2"" 50",23,221.0
BATCH-20260508-012,2026-05-08,Post-Intervention,"2"" 50",24,225.0
BATCH-20260508-012,2026-05-08,Post-Intervention,"2"" 50",25,245.0
BATCH-20260508-012,2026-05-08,Post-Intervention,"2"" 50",26,250.0
BATCH-20260508-012,2026-05-08,Post-Intervention,"2"" 50",27,230.0
BATCH-20260508-012,2026-05-08,Post-Intervention,"2"" 50",28,251.0
BATCH-20260508-012,2026-05-08,Post-Intervention,"2"" 50",29,246.0
BATCH-20260508-012,2026-05-08,Post-Intervention,"2"" 50",30,222.0
BATCH-20260508-012,2026-05-08,Post-Intervention,"2"" 50",31,247.0
BATCH-20260511-013,2026-05-11,Post-Intervention,"2"" 50",1,235.0
BATCH-20260511-013,2026-05-11,Post-Intervention,"2"" 50",2,220.0
BATCH-20260511-013,2026-05-11,Post-Intervention,"2"" 50",3,240.0
BATCH-20260511-013,2026-05-11,Post-Intervention,"2"" 50",4,237.0
BATCH-20260511-013,2026-05-11,Post-Intervention,"2"" 50",5,229.0
BATCH-20260511-013,2026-05-11,Post-Intervention,"2"" 50",6,220.0
BATCH-20260511-013,2026-05-11,Post-Intervention,"2"" 50",7,250.0
BATCH-20260511-013,2026-05-11,Post-Intervention,"2"" 50",8,225.0
BATCH-20260511-013,2026-05-11,Post-Intervention,"2"" 50",9,244.0
BATCH-20260511-013,2026-05-11,Post-Intervention,"2"" 50",10,225.0
BATCH-20260511-013,2026-05-11,Post-Intervention,"2"" 50",11,228.0
BATCH-20260511-013,2026-05-11,Post-Intervention,"2"" 50",12,227.0
BATCH-20260511-013,2026-05-11,Post-Intervention,"2"" 50",13,234.0
BATCH-20260519-014,2026-05-19,Post-Intervention,"2"" 50",1,251.0
BATCH-20260519-014,2026-05-19,Post-Intervention,"2"" 50",2,221.0
BATCH-20260519-014,2026-05-19,Post-Intervention,"2"" 50",3,239.0
BATCH-20260519-014,2026-05-19,Post-Intervention,"2"" 50",4,221.0
BATCH-20260519-014,2026-05-19,Post-Intervention,"2"" 50",5,237.0
BATCH-20260519-014,2026-05-19,Post-Intervention,"2"" 50",6,249.0
BATCH-20260519-014,2026-05-19,Post-Intervention,"2"" 50",7,230.0
BATCH-20260519-014,2026-05-19,Post-Intervention,"2"" 50",8,222.0
BATCH-20260730-015,2026-07-30,Post-Intervention,"2,5"" 30",1,250.0
BATCH-20260401-016,2026-04-01,Post-Intervention,"3"" 65",1,232.0
BATCH-20260401-016,2026-04-01,Post-Intervention,"3"" 65",2,206.0
BATCH-20260401-016,2026-04-01,Post-Intervention,"3"" 65",3,251.0
BATCH-20260401-016,2026-04-01,Post-Intervention,"3"" 65",4,246.0
BATCH-20260401-016,2026-04-01,Post-Intervention,"3"" 65",5,211.0
BATCH-20260401-016,2026-04-01,Post-Intervention,"3"" 65",6,237.0
BATCH-20260401-016,2026-04-01,Post-Intervention,"3"" 65",7,207.0
BATCH-20260401-016,2026-04-01,Post-Intervention,"3"" 65",8,260.0
BATCH-20260401-016,2026-04-01,Post-Intervention,"3"" 65",9,208.0
BATCH-20260401-016,2026-04-01,Post-Intervention,"3"" 65",10,208.0
BATCH-20260401-016,2026-04-01,Post-Intervention,"3"" 65",11,266.0
BATCH-20260401-016,2026-04-01,Post-Intervention,"3"" 65",12,259.0
BATCH-20260401-016,2026-04-01,Post-Intervention,"3"" 65",13,209.0
BATCH-20260401-016,2026-04-01,Post-Intervention,"3"" 65",14,248.0
BATCH-20260401-016,2026-04-01,Post-Intervention,"3"" 65",15,250.0
BATCH-20260401-016,2026-04-01,Post-Intervention,"3"" 65",16,246.0
BATCH-20260401-016,2026-04-01,Post-Intervention,"3"" 65",17,229.0
BATCH-20260401-016,2026-04-01,Post-Intervention,"3"" 65",18,247.0
BATCH-20260401-016,2026-04-01,Post-Intervention,"3"" 65",19,202.0
BATCH-20260402-017,2026-04-02,Post-Intervention,"3"" 65",1,248.0
BATCH-20260402-017,2026-04-02,Post-Intervention,"3"" 65",2,220.0
BATCH-20260402-017,2026-04-02,Post-Intervention,"3"" 65",3,240.0
BATCH-20260402-017,2026-04-02,Post-Intervention,"3"" 65",4,211.0
BATCH-20260402-017,2026-04-02,Post-Intervention,"3"" 65",5,264.0
BATCH-20260402-017,2026-04-02,Post-Intervention,"3"" 65",6,204.0
BATCH-20260402-017,2026-04-02,Post-Intervention,"3"" 65",7,253.0
BATCH-20260402-017,2026-04-02,Post-Intervention,"3"" 65",8,221.0
BATCH-20260402-017,2026-04-02,Post-Intervention,"3"" 65",9,223.0
BATCH-20260402-017,2026-04-02,Post-Intervention,"3"" 65",10,255.0
BATCH-20260402-017,2026-04-02,Post-Intervention,"3"" 65",11,237.0
BATCH-20260402-017,2026-04-02,Post-Intervention,"3"" 65",12,260.0
BATCH-20260402-017,2026-04-02,Post-Intervention,"3"" 65",13,221.0
BATCH-20260402-017,2026-04-02,Post-Intervention,"3"" 65",14,206.0
BATCH-20260402-017,2026-04-02,Post-Intervention,"3"" 65",15,221.0
BATCH-20260402-017,2026-04-02,Post-Intervention,"3"" 65",16,226.0
BATCH-20260402-017,2026-04-02,Post-Intervention,"3"" 65",17,225.0
BATCH-20260402-017,2026-04-02,Post-Intervention,"3"" 65",18,217.0
BATCH-20260402-017,2026-04-02,Post-Intervention,"3"" 65",19,265.0
BATCH-20260402-017,2026-04-02,Post-Intervention,"3"" 65",20,207.0
BATCH-20260402-017,2026-04-02,Post-Intervention,"3"" 65",21,239.0
BATCH-20260402-017,2026-04-02,Post-Intervention,"3"" 65",22,202.0
BATCH-20260402-017,2026-04-02,Post-Intervention,"3"" 65",23,228.0
BATCH-20260402-017,2026-04-02,Post-Intervention,"3"" 65",24,230.0
BATCH-20260402-017,2026-04-02,Post-Intervention,"3"" 65",25,230.0
BATCH-20260402-017,2026-04-02,Post-Intervention,"3"" 65",26,216.0
BATCH-20260402-017,2026-04-02,Post-Intervention,"3"" 65",27,240.0
BATCH-20260402-017,2026-04-02,Post-Intervention,"3"" 65",28,248.0
BATCH-20260402-017,2026-04-02,Post-Intervention,"3"" 65",29,218.0
BATCH-20260402-017,2026-04-02,Post-Intervention,"3"" 65",30,200.0
BATCH-20260403-018,2026-04-03,Post-Intervention,"3"" 65",1,220.0
BATCH-20260403-018,2026-04-03,Post-Intervention,"3"" 65",2,256.0
BATCH-20260403-018,2026-04-03,Post-Intervention,"3"" 65",3,259.0
BATCH-20260403-018,2026-04-03,Post-Intervention,"3"" 65",4,221.0
BATCH-20260403-018,2026-04-03,Post-Intervention,"3"" 65",5,202.0
BATCH-20260403-018,2026-04-03,Post-Intervention,"3"" 65",6,253.0
BATCH-20260403-018,2026-04-03,Post-Intervention,"3"" 65",7,242.0
BATCH-20260403-018,2026-04-03,Post-Intervention,"3"" 65",8,240.0
BATCH-20260403-018,2026-04-03,Post-Intervention,"3"" 65",9,231.0
BATCH-20260403-018,2026-04-03,Post-Intervention,"3"" 65",10,221.0
BATCH-20260403-018,2026-04-03,Post-Intervention,"3"" 65",11,200.0
BATCH-20260403-018,2026-04-03,Post-Intervention,"3"" 65",12,230.0
BATCH-20260403-018,2026-04-03,Post-Intervention,"3"" 65",13,267.0
BATCH-20260403-018,2026-04-03,Post-Intervention,"3"" 65",14,237.0
BATCH-20260403-018,2026-04-03,Post-Intervention,"3"" 65",15,263.0
BATCH-20260403-018,2026-04-03,Post-Intervention,"3"" 65",16,200.0
BATCH-20260403-018,2026-04-03,Post-Intervention,"3"" 65",17,269.0
BATCH-20260403-018,2026-04-03,Post-Intervention,"3"" 65",18,265.0
BATCH-20260403-018,2026-04-03,Post-Intervention,"3"" 65",19,219.0
BATCH-20260403-018,2026-04-03,Post-Intervention,"3"" 65",20,244.0
BATCH-20260403-018,2026-04-03,Post-Intervention,"3"" 65",21,223.0
BATCH-20260403-018,2026-04-03,Post-Intervention,"3"" 65",22,204.0
BATCH-20260403-018,2026-04-03,Post-Intervention,"3"" 65",23,266.0
BATCH-20260403-018,2026-04-03,Post-Intervention,"3"" 65",24,211.0
BATCH-20260403-018,2026-04-03,Post-Intervention,"3"" 65",25,242.0
BATCH-20260403-018,2026-04-03,Post-Intervention,"3"" 65",26,246.0
BATCH-20260403-018,2026-04-03,Post-Intervention,"3"" 65",27,261.0
BATCH-20260403-018,2026-04-03,Post-Intervention,"3"" 65",28,239.0
BATCH-20260403-018,2026-04-03,Post-Intervention,"3"" 65",29,251.0
BATCH-20260403-018,2026-04-03,Post-Intervention,"3"" 65",30,212.0
BATCH-20260403-018,2026-04-03,Post-Intervention,"3"" 65",31,202.0
BATCH-20260403-018,2026-04-03,Post-Intervention,"3"" 65",32,245.0
BATCH-20260407-019,2026-04-07,Post-Intervention,"3"" 65",1,254.0
BATCH-20260407-019,2026-04-07,Post-Intervention,"3"" 65",2,200.0
BATCH-20260407-019,2026-04-07,Post-Intervention,"3"" 65",3,211.0
BATCH-20260407-019,2026-04-07,Post-Intervention,"3"" 65",4,231.0
BATCH-20260407-019,2026-04-07,Post-Intervention,"3"" 65",5,226.0
BATCH-20260407-019,2026-04-07,Post-Intervention,"3"" 65",6,251.0
BATCH-20260407-019,2026-04-07,Post-Intervention,"3"" 65",7,233.0
BATCH-20260407-019,2026-04-07,Post-Intervention,"3"" 65",8,225.0
BATCH-20260407-019,2026-04-07,Post-Intervention,"3"" 65",9,238.0
BATCH-20260407-019,2026-04-07,Post-Intervention,"3"" 65",10,263.0
BATCH-20260407-019,2026-04-07,Post-Intervention,"3"" 65",11,226.0
BATCH-20260407-019,2026-04-07,Post-Intervention,"3"" 65",12,252.0
BATCH-20260407-019,2026-04-07,Post-Intervention,"3"" 65",13,218.0
BATCH-20260407-019,2026-04-07,Post-Intervention,"3"" 65",14,226.0
BATCH-20260407-019,2026-04-07,Post-Intervention,"3"" 65",15,261.0
BATCH-20260407-019,2026-04-07,Post-Intervention,"3"" 65",16,245.0
BATCH-20260407-019,2026-04-07,Post-Intervention,"3"" 65",17,254.0
BATCH-20260407-019,2026-04-07,Post-Intervention,"3"" 65",18,251.0
BATCH-20260407-019,2026-04-07,Post-Intervention,"3"" 65",19,261.0
BATCH-20260407-019,2026-04-07,Post-Intervention,"3"" 65",20,215.0
BATCH-20260407-019,2026-04-07,Post-Intervention,"3"" 65",21,203.0
BATCH-20260407-019,2026-04-07,Post-Intervention,"3"" 65",22,237.0
BATCH-20260407-019,2026-04-07,Post-Intervention,"3"" 65",23,252.0
BATCH-20260407-019,2026-04-07,Post-Intervention,"3"" 65",24,205.0
BATCH-20260407-019,2026-04-07,Post-Intervention,"3"" 65",25,228.0
BATCH-20260407-019,2026-04-07,Post-Intervention,"3"" 65",26,223.0
BATCH-20260407-019,2026-04-07,Post-Intervention,"3"" 65",27,256.0
BATCH-20260429-020,2026-04-29,Post-Intervention,"3"" 65",1,208.0
BATCH-20260429-020,2026-04-29,Post-Intervention,"3"" 65",2,246.0
BATCH-20260429-020,2026-04-29,Post-Intervention,"3"" 65",3,210.0
BATCH-20260429-020,2026-04-29,Post-Intervention,"3"" 65",4,237.0
BATCH-20260429-020,2026-04-29,Post-Intervention,"3"" 65",5,256.0
BATCH-20260429-020,2026-04-29,Post-Intervention,"3"" 65",6,205.0
BATCH-20260429-020,2026-04-29,Post-Intervention,"3"" 65",7,250.0
BATCH-20260429-020,2026-04-29,Post-Intervention,"3"" 65",8,228.0
BATCH-20260429-021,2026-04-29,Post-Intervention,"3"" 65",1,247.0
BATCH-20260429-021,2026-04-29,Post-Intervention,"3"" 65",2,228.0
BATCH-20260429-021,2026-04-29,Post-Intervention,"3"" 65",3,253.0
BATCH-20260429-021,2026-04-29,Post-Intervention,"3"" 65",4,236.0
BATCH-20260429-021,2026-04-29,Post-Intervention,"3"" 65",5,239.0
BATCH-20260429-021,2026-04-29,Post-Intervention,"3"" 65",6,250.0
BATCH-20260429-021,2026-04-29,Post-Intervention,"3"" 65",7,246.0
BATCH-20260429-021,2026-04-29,Post-Intervention,"3"" 65",8,237.0
BATCH-20260429-021,2026-04-29,Post-Intervention,"3"" 65",9,248.0
BATCH-20260429-021,2026-04-29,Post-Intervention,"3"" 65",10,222.0
BATCH-20260429-021,2026-04-29,Post-Intervention,"3"" 65",11,249.0
BATCH-20260429-021,2026-04-29,Post-Intervention,"3"" 65",12,222.0
BATCH-20260429-021,2026-04-29,Post-Intervention,"3"" 65",13,225.0
BATCH-20260429-021,2026-04-29,Post-Intervention,"3"" 65",14,252.0
BATCH-20260429-021,2026-04-29,Post-Intervention,"3"" 65",15,244.0
BATCH-20260429-021,2026-04-29,Post-Intervention,"3"" 65",16,236.0
BATCH-20260429-021,2026-04-29,Post-Intervention,"3"" 65",17,236.0
BATCH-20260429-021,2026-04-29,Post-Intervention,"3"" 65",18,223.0
BATCH-20260429-021,2026-04-29,Post-Intervention,"3"" 65",19,227.0
BATCH-20260429-021,2026-04-29,Post-Intervention,"3"" 65",20,247.0
BATCH-20260429-021,2026-04-29,Post-Intervention,"3"" 65",21,243.0
BATCH-20260429-021,2026-04-29,Post-Intervention,"3"" 65",22,235.0
BATCH-20260429-021,2026-04-29,Post-Intervention,"3"" 65",23,233.0
BATCH-20260429-021,2026-04-29,Post-Intervention,"3"" 65",24,220.0
BATCH-20260429-021,2026-04-29,Post-Intervention,"3"" 65",25,221.0
BATCH-20260429-021,2026-04-29,Post-Intervention,"3"" 65",26,247.0
BATCH-20260429-021,2026-04-29,Post-Intervention,"3"" 65",27,242.0
BATCH-20260429-021,2026-04-29,Post-Intervention,"3"" 65",28,229.0
BATCH-20260429-021,2026-04-29,Post-Intervention,"3"" 65",29,238.0
BATCH-20260429-021,2026-04-29,Post-Intervention,"3"" 65",30,226.0
BATCH-20260429-021,2026-04-29,Post-Intervention,"3"" 65",31,250.0
BATCH-20260429-021,2026-04-29,Post-Intervention,"3"" 65",32,249.0
BATCH-20260429-021,2026-04-29,Post-Intervention,"3"" 65",33,250.0
BATCH-20260429-021,2026-04-29,Post-Intervention,"3"" 65",34,249.0
BATCH-20260429-021,2026-04-29,Post-Intervention,"3"" 65",35,255.0
BATCH-20260429-021,2026-04-29,Post-Intervention,"3"" 65",36,238.0
BATCH-20260429-021,2026-04-29,Post-Intervention,"3"" 65",37,227.0
BATCH-20260429-021,2026-04-29,Post-Intervention,"3"" 65",38,222.0
BATCH-20260429-021,2026-04-29,Post-Intervention,"3"" 65",39,245.0
BATCH-20260429-021,2026-04-29,Post-Intervention,"3"" 65",40,220.0
BATCH-20260429-021,2026-04-29,Post-Intervention,"3"" 65",41,236.0
BATCH-20260502-022,2026-05-02,Post-Intervention,"3"" 65",1,260.0
BATCH-20260502-022,2026-05-02,Post-Intervention,"3"" 65",2,262.0
BATCH-20260502-022,2026-05-02,Post-Intervention,"3"" 65",3,246.0
BATCH-20260502-022,2026-05-02,Post-Intervention,"3"" 65",4,265.0
BATCH-20260502-022,2026-05-02,Post-Intervention,"3"" 65",5,238.0
BATCH-20260502-022,2026-05-02,Post-Intervention,"3"" 65",6,236.0
BATCH-20260502-022,2026-05-02,Post-Intervention,"3"" 65",7,228.0
BATCH-20260502-022,2026-05-02,Post-Intervention,"3"" 65",8,252.0
BATCH-20260502-022,2026-05-02,Post-Intervention,"3"" 65",9,235.0
BATCH-20260502-022,2026-05-02,Post-Intervention,"3"" 65",10,220.0
BATCH-20260502-022,2026-05-02,Post-Intervention,"3"" 65",11,230.0
BATCH-20260502-022,2026-05-02,Post-Intervention,"3"" 65",12,224.0
BATCH-20260502-022,2026-05-02,Post-Intervention,"3"" 65",13,239.0
BATCH-20260502-022,2026-05-02,Post-Intervention,"3"" 65",14,243.0
BATCH-20260502-022,2026-05-02,Post-Intervention,"3"" 65",15,258.0
BATCH-20260502-022,2026-05-02,Post-Intervention,"3"" 65",16,223.0
BATCH-20260502-022,2026-05-02,Post-Intervention,"3"" 65",17,223.0
BATCH-20260502-022,2026-05-02,Post-Intervention,"3"" 65",18,232.0
BATCH-20260502-022,2026-05-02,Post-Intervention,"3"" 65",19,223.0
BATCH-20260502-022,2026-05-02,Post-Intervention,"3"" 65",20,260.0
BATCH-20260502-022,2026-05-02,Post-Intervention,"3"" 65",21,241.0
BATCH-20260502-022,2026-05-02,Post-Intervention,"3"" 65",22,245.0
BATCH-20260502-022,2026-05-02,Post-Intervention,"3"" 65",23,226.0
BATCH-20260502-022,2026-05-02,Post-Intervention,"3"" 65",24,226.0
BATCH-20260508-023,2026-05-08,Post-Intervention,"4"" 65",1,248.0
BATCH-20260508-023,2026-05-08,Post-Intervention,"4"" 65",2,242.0
BATCH-20260508-023,2026-05-08,Post-Intervention,"4"" 65",3,268.0
BATCH-20260508-023,2026-05-08,Post-Intervention,"4"" 65",4,223.0
BATCH-20260508-023,2026-05-08,Post-Intervention,"4"" 65",5,225.0
BATCH-20260508-023,2026-05-08,Post-Intervention,"4"" 65",6,220.0
BATCH-20260508-023,2026-05-08,Post-Intervention,"4"" 65",7,256.0
BATCH-20260508-023,2026-05-08,Post-Intervention,"4"" 65",8,242.0
BATCH-20260508-023,2026-05-08,Post-Intervention,"4"" 65",9,251.0
BATCH-20260508-023,2026-05-08,Post-Intervention,"4"" 65",10,244.0
BATCH-20260508-023,2026-05-08,Post-Intervention,"4"" 65",11,228.0
BATCH-20260508-023,2026-05-08,Post-Intervention,"4"" 65",12,224.0
BATCH-20260508-023,2026-05-08,Post-Intervention,"4"" 65",13,237.0
BATCH-20260508-023,2026-05-08,Post-Intervention,"4"" 65",14,233.0
BATCH-20260508-023,2026-05-08,Post-Intervention,"4"" 65",15,243.0
BATCH-20260508-023,2026-05-08,Post-Intervention,"4"" 65",16,261.0
BATCH-20260508-023,2026-05-08,Post-Intervention,"4"" 65",17,251.0
BATCH-20260508-023,2026-05-08,Post-Intervention,"4"" 65",18,249.0
BATCH-20260508-023,2026-05-08,Post-Intervention,"4"" 65",19,260.0
BATCH-20260508-023,2026-05-08,Post-Intervention,"4"" 65",20,226.0
BATCH-20260508-023,2026-05-08,Post-Intervention,"4"" 65",21,259.0
BATCH-20260512-024,2026-05-12,Post-Intervention,"4"" 65",1,225.0
BATCH-20260512-024,2026-05-12,Post-Intervention,"4"" 65",2,247.0
BATCH-20260512-024,2026-05-12,Post-Intervention,"4"" 65",3,250.0
BATCH-20260512-024,2026-05-12,Post-Intervention,"4"" 65",4,253.0
BATCH-20260512-024,2026-05-12,Post-Intervention,"4"" 65",5,237.0
BATCH-20260512-024,2026-05-12,Post-Intervention,"4"" 65",6,262.0
BATCH-20260512-024,2026-05-12,Post-Intervention,"4"" 65",7,236.0
BATCH-20260512-024,2026-05-12,Post-Intervention,"4"" 65",8,220.0
BATCH-20260513-025,2026-05-13,Post-Intervention,"4"" 65",1,225.0
BATCH-20260513-025,2026-05-13,Post-Intervention,"4"" 65",2,224.0
BATCH-20260513-025,2026-05-13,Post-Intervention,"4"" 65",3,261.0
BATCH-20260513-025,2026-05-13,Post-Intervention,"4"" 65",4,227.0
BATCH-20260513-025,2026-05-13,Post-Intervention,"4"" 65",5,259.0
BATCH-20260513-025,2026-05-13,Post-Intervention,"4"" 65",6,258.0
BATCH-20260513-025,2026-05-13,Post-Intervention,"4"" 65",7,256.0
BATCH-20260513-025,2026-05-13,Post-Intervention,"4"" 65",8,269.0
BATCH-20260513-025,2026-05-13,Post-Intervention,"4"" 65",9,254.0
BATCH-20260513-025,2026-05-13,Post-Intervention,"4"" 65",10,253.0
BATCH-20260513-025,2026-05-13,Post-Intervention,"4"" 65",11,248.0
BATCH-20260513-025,2026-05-13,Post-Intervention,"4"" 65",12,254.0
BATCH-20260513-025,2026-05-13,Post-Intervention,"4"" 65",13,262.0
BATCH-20260513-025,2026-05-13,Post-Intervention,"4"" 65",14,224.0
BATCH-20260513-025,2026-05-13,Post-Intervention,"4"" 65",15,247.0
BATCH-20260513-025,2026-05-13,Post-Intervention,"4"" 65",16,239.0
BATCH-20260513-025,2026-05-13,Post-Intervention,"4"" 65",17,228.0
BATCH-20260513-025,2026-05-13,Post-Intervention,"4"" 65",18,250.0
BATCH-20260513-025,2026-05-13,Post-Intervention,"4"" 65",19,261.0
BATCH-20260513-025,2026-05-13,Post-Intervention,"4"" 65",20,233.0
BATCH-20260513-025,2026-05-13,Post-Intervention,"4"" 65",21,248.0
BATCH-20260513-025,2026-05-13,Post-Intervention,"4"" 65",22,248.0
BATCH-20260513-025,2026-05-13,Post-Intervention,"4"" 65",23,257.0
BATCH-20260513-025,2026-05-13,Post-Intervention,"4"" 65",24,269.0
BATCH-20260513-025,2026-05-13,Post-Intervention,"4"" 65",25,247.0
BATCH-20260513-025,2026-05-13,Post-Intervention,"4"" 65",26,266.0
BATCH-20260513-025,2026-05-13,Post-Intervention,"4"" 65",27,236.0
BATCH-20260513-025,2026-05-13,Post-Intervention,"4"" 65",28,244.0
BATCH-20260513-025,2026-05-13,Post-Intervention,"4"" 65",29,229.0
BATCH-20260513-025,2026-05-13,Post-Intervention,"4"" 65",30,239.0
BATCH-20260513-025,2026-05-13,Post-Intervention,"4"" 65",31,234.0
BATCH-20260513-025,2026-05-13,Post-Intervention,"4"" 65",32,250.0
BATCH-20260513-025,2026-05-13,Post-Intervention,"4"" 65",33,240.0
BATCH-20260513-025,2026-05-13,Post-Intervention,"4"" 65",34,229.0
BATCH-20260513-025,2026-05-13,Post-Intervention,"4"" 65",35,237.0
BATCH-20260513-025,2026-05-13,Post-Intervention,"4"" 65",36,256.0
BATCH-20260513-025,2026-05-13,Post-Intervention,"4"" 65",37,227.0
BATCH-20260513-025,2026-05-13,Post-Intervention,"4"" 65",38,270.0
BATCH-20260513-025,2026-05-13,Post-Intervention,"4"" 65",39,236.0
BATCH-20260513-025,2026-05-13,Post-Intervention,"4"" 65",40,265.0
BATCH-20260513-025,2026-05-13,Post-Intervention,"4"" 65",41,251.0
BATCH-20260513-025,2026-05-13,Post-Intervention,"4"" 65",42,263.0
BATCH-20260513-025,2026-05-13,Post-Intervention,"4"" 65",43,257.0
BATCH-20260513-025,2026-05-13,Post-Intervention,"4"" 65",44,233.0
BATCH-20260720-026,2026-07-20,Post-Intervention,"4"" 65",1,253.0
BATCH-20260720-026,2026-07-20,Post-Intervention,"4"" 65",2,262.0
BATCH-20260720-026,2026-07-20,Post-Intervention,"4"" 65",3,254.0
BATCH-20260720-026,2026-07-20,Post-Intervention,"4"" 65",4,220.0
BATCH-20260411-027,2026-04-11,Post-Intervention,"5"" 50",1,236.0
BATCH-20260411-027,2026-04-11,Post-Intervention,"5"" 50",2,226.0
BATCH-20260411-027,2026-04-11,Post-Intervention,"5"" 50",3,228.0
BATCH-20260411-027,2026-04-11,Post-Intervention,"5"" 50",4,226.0
BATCH-20260411-027,2026-04-11,Post-Intervention,"5"" 50",5,268.0
BATCH-20260411-027,2026-04-11,Post-Intervention,"5"" 50",6,270.0
BATCH-20260411-027,2026-04-11,Post-Intervention,"5"" 50",7,221.0
BATCH-20260411-027,2026-04-11,Post-Intervention,"5"" 50",8,256.0
BATCH-20260411-027,2026-04-11,Post-Intervention,"5"" 50",9,245.0
BATCH-20260411-027,2026-04-11,Post-Intervention,"5"" 50",10,225.0
BATCH-20260411-027,2026-04-11,Post-Intervention,"5"" 50",11,232.0
BATCH-20260411-027,2026-04-11,Post-Intervention,"5"" 50",12,231.0
BATCH-20260411-027,2026-04-11,Post-Intervention,"5"" 50",13,252.0
BATCH-20260411-027,2026-04-11,Post-Intervention,"5"" 50",14,238.0
BATCH-20260411-027,2026-04-11,Post-Intervention,"5"" 50",15,228.0
BATCH-20260411-027,2026-04-11,Post-Intervention,"5"" 50",16,246.0
BATCH-20260411-027,2026-04-11,Post-Intervention,"5"" 50",17,268.0
BATCH-20260411-027,2026-04-11,Post-Intervention,"5"" 50",18,229.0
BATCH-20260411-027,2026-04-11,Post-Intervention,"5"" 50",19,228.0
BATCH-20260411-027,2026-04-11,Post-Intervention,"5"" 50",20,229.0
BATCH-20260411-027,2026-04-11,Post-Intervention,"5"" 50",21,243.0
BATCH-20260411-027,2026-04-11,Post-Intervention,"5"" 50",22,240.0
BATCH-20260411-027,2026-04-11,Post-Intervention,"5"" 50",23,230.0
BATCH-20260411-027,2026-04-11,Post-Intervention,"5"" 50",24,267.0
BATCH-20260411-027,2026-04-11,Post-Intervention,"5"" 50",25,238.0
BATCH-20260411-027,2026-04-11,Post-Intervention,"5"" 50",26,237.0
BATCH-20260411-027,2026-04-11,Post-Intervention,"5"" 50",27,227.0
BATCH-20260411-027,2026-04-11,Post-Intervention,"5"" 50",28,249.0
BATCH-20260411-027,2026-04-11,Post-Intervention,"5"" 50",29,259.0
BATCH-20260412-028,2026-04-12,Post-Intervention,"5"" 50",1,223.0
BATCH-20260412-028,2026-04-12,Post-Intervention,"5"" 50",2,224.0
BATCH-20260412-028,2026-04-12,Post-Intervention,"5"" 50",3,223.0
BATCH-20260412-028,2026-04-12,Post-Intervention,"5"" 50",4,231.0
BATCH-20260412-028,2026-04-12,Post-Intervention,"5"" 50",5,223.0
BATCH-20260412-028,2026-04-12,Post-Intervention,"5"" 50",6,247.0
BATCH-20260412-028,2026-04-12,Post-Intervention,"5"" 50",7,239.0
BATCH-20260412-028,2026-04-12,Post-Intervention,"5"" 50",8,269.0
BATCH-20260412-028,2026-04-12,Post-Intervention,"5"" 50",9,221.0
BATCH-20260412-028,2026-04-12,Post-Intervention,"5"" 50",10,250.0
BATCH-20260412-028,2026-04-12,Post-Intervention,"5"" 50",11,235.0
BATCH-20260412-028,2026-04-12,Post-Intervention,"5"" 50",12,223.0
BATCH-20260412-028,2026-04-12,Post-Intervention,"5"" 50",13,240.0
BATCH-20260412-028,2026-04-12,Post-Intervention,"5"" 50",14,226.0
BATCH-20260412-028,2026-04-12,Post-Intervention,"5"" 50",15,228.0
BATCH-20260412-028,2026-04-12,Post-Intervention,"5"" 50",16,231.0
BATCH-20260412-028,2026-04-12,Post-Intervention,"5"" 50",17,221.0
BATCH-20260412-028,2026-04-12,Post-Intervention,"5"" 50",18,248.0
BATCH-20260412-028,2026-04-12,Post-Intervention,"5"" 50",19,253.0
BATCH-20260412-028,2026-04-12,Post-Intervention,"5"" 50",20,223.0
BATCH-20260412-028,2026-04-12,Post-Intervention,"5"" 50",21,220.0
BATCH-20260412-028,2026-04-12,Post-Intervention,"5"" 50",22,233.0
BATCH-20260412-028,2026-04-12,Post-Intervention,"5"" 50",23,243.0
BATCH-20260329-029,2026-03-29,Pre-Intervention,"5"" 50",1,236.0
BATCH-20260329-029,2026-03-29,Pre-Intervention,"5"" 50",2,265.0
BATCH-20260329-029,2026-03-29,Pre-Intervention,"5"" 50",3,267.0
BATCH-20260329-029,2026-03-29,Pre-Intervention,"5"" 50",4,236.0
BATCH-20260331-030,2026-03-31,Pre-Intervention,"5"" 50",1,252.0
BATCH-20260331-030,2026-03-31,Pre-Intervention,"5"" 50",2,215.0
BATCH-20260331-030,2026-03-31,Pre-Intervention,"5"" 50",3,247.0
BATCH-20260331-030,2026-03-31,Pre-Intervention,"5"" 50",4,256.0
BATCH-20260331-030,2026-03-31,Pre-Intervention,"5"" 50",5,215.0
BATCH-20260331-030,2026-03-31,Pre-Intervention,"5"" 50",6,217.0
BATCH-20260331-030,2026-03-31,Pre-Intervention,"5"" 50",7,231.0
BATCH-20260331-030,2026-03-31,Pre-Intervention,"5"" 50",8,222.0
BATCH-20260331-030,2026-03-31,Pre-Intervention,"5"" 50",9,200.0
BATCH-20260331-030,2026-03-31,Pre-Intervention,"5"" 50",10,240.0
BATCH-20260331-030,2026-03-31,Pre-Intervention,"5"" 50",11,215.0
BATCH-20260331-030,2026-03-31,Pre-Intervention,"5"" 50",12,221.0
BATCH-20260331-030,2026-03-31,Pre-Intervention,"5"" 50",13,236.0
BATCH-20260331-030,2026-03-31,Pre-Intervention,"5"" 50",14,202.0
BATCH-20260331-030,2026-03-31,Pre-Intervention,"5"" 50",15,233.0
BATCH-20260331-030,2026-03-31,Pre-Intervention,"5"" 50",16,264.0
BATCH-20260331-030,2026-03-31,Pre-Intervention,"5"" 50",17,206.0
BATCH-20260331-030,2026-03-31,Pre-Intervention,"5"" 50",18,226.0
BATCH-20260331-030,2026-03-31,Pre-Intervention,"5"" 50",19,231.0
BATCH-20260331-030,2026-03-31,Pre-Intervention,"5"" 50",20,253.0
BATCH-20260331-030,2026-03-31,Pre-Intervention,"5"" 50",21,210.0
BATCH-20260331-030,2026-03-31,Pre-Intervention,"5"" 50",22,225.0
BATCH-20260331-030,2026-03-31,Pre-Intervention,"5"" 50",23,265.0
BATCH-20260331-030,2026-03-31,Pre-Intervention,"5"" 50",24,268.0
BATCH-20260331-030,2026-03-31,Pre-Intervention,"5"" 50",25,219.0
BATCH-20260331-030,2026-03-31,Pre-Intervention,"5"" 50",26,231.0
BATCH-20260331-030,2026-03-31,Pre-Intervention,"5"" 50",27,238.0
BATCH-20260331-030,2026-03-31,Pre-Intervention,"5"" 50",28,260.0
BATCH-20260331-030,2026-03-31,Pre-Intervention,"5"" 50",29,246.0
BATCH-20260331-030,2026-03-31,Pre-Intervention,"5"" 50",30,212.0
BATCH-20260331-030,2026-03-31,Pre-Intervention,"5"" 50",31,265.0
BATCH-20260331-030,2026-03-31,Pre-Intervention,"5"" 50",32,209.0
BATCH-20260331-030,2026-03-31,Pre-Intervention,"5"" 50",33,268.0
BATCH-20260331-030,2026-03-31,Pre-Intervention,"5"" 50",34,245.0
BATCH-20260331-030,2026-03-31,Pre-Intervention,"5"" 50",35,216.0
BATCH-20260331-030,2026-03-31,Pre-Intervention,"5"" 50",36,263.0
BATCH-20260331-030,2026-03-31,Pre-Intervention,"5"" 50",37,218.0
BATCH-20260331-030,2026-03-31,Pre-Intervention,"5"" 50",38,267.0
BATCH-20260331-030,2026-03-31,Pre-Intervention,"5"" 50",39,267.0
BATCH-20260331-030,2026-03-31,Pre-Intervention,"5"" 50",40,218.0
BATCH-20260331-030,2026-03-31,Pre-Intervention,"5"" 50",41,232.0
BATCH-20260331-030,2026-03-31,Pre-Intervention,"5"" 50",42,266.0
BATCH-20260331-030,2026-03-31,Pre-Intervention,"5"" 50",43,220.0
BATCH-20260331-030,2026-03-31,Pre-Intervention,"5"" 50",44,241.0
BATCH-20260331-030,2026-03-31,Pre-Intervention,"5"" 50",45,228.0
BATCH-20260331-030,2026-03-31,Pre-Intervention,"5"" 50",46,245.0
BATCH-20260331-030,2026-03-31,Pre-Intervention,"5"" 50",47,267.0
BATCH-20260331-030,2026-03-31,Pre-Intervention,"5"" 50",48,251.0
BATCH-20260624-031,2026-06-24,Post-Intervention,"6"" 30",1,250.0
BATCH-20260624-031,2026-06-24,Post-Intervention,"6"" 30",2,261.0
BATCH-20260624-031,2026-06-24,Post-Intervention,"6"" 30",3,254.0
BATCH-20260624-031,2026-06-24,Post-Intervention,"6"" 30",4,248.0
BATCH-20260411-032,2026-04-11,Post-Intervention,"6"" 90",1,241.0
BATCH-20260411-032,2026-04-11,Post-Intervention,"6"" 90",2,245.0
BATCH-20260411-032,2026-04-11,Post-Intervention,"6"" 90",3,241.0
BATCH-20260411-032,2026-04-11,Post-Intervention,"6"" 90",4,260.0
BATCH-20260411-032,2026-04-11,Post-Intervention,"6"" 90",5,237.0
BATCH-20260411-032,2026-04-11,Post-Intervention,"6"" 90",6,247.0
BATCH-20260411-032,2026-04-11,Post-Intervention,"6"" 90",7,256.0
BATCH-20260411-032,2026-04-11,Post-Intervention,"6"" 90",8,263.0
BATCH-20260411-032,2026-04-11,Post-Intervention,"6"" 90",9,253.0
BATCH-20260411-032,2026-04-11,Post-Intervention,"6"" 90",10,264.0
BATCH-20260411-032,2026-04-11,Post-Intervention,"6"" 90",11,261.0
BATCH-20260411-032,2026-04-11,Post-Intervention,"6"" 90",12,248.0
BATCH-20260411-032,2026-04-11,Post-Intervention,"6"" 90",13,245.0
BATCH-20260411-032,2026-04-11,Post-Intervention,"6"" 90",14,246.0
BATCH-20260411-032,2026-04-11,Post-Intervention,"6"" 90",15,244.0
BATCH-20260411-032,2026-04-11,Post-Intervention,"6"" 90",16,269.0
BATCH-20260411-032,2026-04-11,Post-Intervention,"6"" 90",17,255.0
BATCH-20260411-032,2026-04-11,Post-Intervention,"6"" 90",18,266.0
BATCH-20260411-032,2026-04-11,Post-Intervention,"6"" 90",19,239.0
BATCH-20260411-032,2026-04-11,Post-Intervention,"6"" 90",20,236.0
BATCH-20260411-032,2026-04-11,Post-Intervention,"6"" 90",21,240.0
BATCH-20260411-032,2026-04-11,Post-Intervention,"6"" 90",22,258.0
BATCH-20260411-032,2026-04-11,Post-Intervention,"6"" 90",23,247.0
BATCH-20260411-032,2026-04-11,Post-Intervention,"6"" 90",24,259.0
BATCH-20260411-032,2026-04-11,Post-Intervention,"6"" 90",25,258.0
BATCH-20260411-032,2026-04-11,Post-Intervention,"6"" 90",26,270.0
BATCH-20260411-032,2026-04-11,Post-Intervention,"6"" 90",27,239.0
BATCH-20260411-032,2026-04-11,Post-Intervention,"6"" 90",28,238.0
BATCH-20260411-032,2026-04-11,Post-Intervention,"6"" 90",29,269.0
BATCH-20260411-032,2026-04-11,Post-Intervention,"6"" 90",30,244.0
BATCH-20260411-032,2026-04-11,Post-Intervention,"6"" 90",31,249.0
BATCH-20260411-032,2026-04-11,Post-Intervention,"6"" 90",32,242.0
BATCH-20260411-032,2026-04-11,Post-Intervention,"6"" 90",33,269.0
BATCH-20260411-032,2026-04-11,Post-Intervention,"6"" 90",34,236.0
BATCH-20260411-032,2026-04-11,Post-Intervention,"6"" 90",35,235.0
BATCH-20260411-032,2026-04-11,Post-Intervention,"6"" 90",36,238.0
BATCH-20260411-032,2026-04-11,Post-Intervention,"6"" 90",37,239.0
BATCH-20260411-032,2026-04-11,Post-Intervention,"6"" 90",38,235.0
BATCH-20260411-032,2026-04-11,Post-Intervention,"6"" 90",39,244.0
BATCH-20260411-032,2026-04-11,Post-Intervention,"6"" 90",40,249.0
BATCH-20260411-032,2026-04-11,Post-Intervention,"6"" 90",41,259.0
BATCH-20260411-032,2026-04-11,Post-Intervention,"6"" 90",42,247.0
BATCH-20260411-032,2026-04-11,Post-Intervention,"6"" 90",43,253.0
BATCH-20260411-032,2026-04-11,Post-Intervention,"6"" 90",44,241.0
BATCH-20260411-032,2026-04-11,Post-Intervention,"6"" 90",45,258.0
BATCH-20260411-032,2026-04-11,Post-Intervention,"6"" 90",46,238.0
BATCH-20260411-032,2026-04-11,Post-Intervention,"6"" 90",47,245.0
BATCH-20260411-032,2026-04-11,Post-Intervention,"6"" 90",48,240.0
BATCH-20260411-032,2026-04-11,Post-Intervention,"6"" 90",49,238.0
BATCH-20260411-032,2026-04-11,Post-Intervention,"6"" 90",50,251.0
BATCH-20260411-032,2026-04-11,Post-Intervention,"6"" 90",51,250.0
BATCH-20260411-032,2026-04-11,Post-Intervention,"6"" 90",52,242.0
BATCH-20260411-032,2026-04-11,Post-Intervention,"6"" 90",53,240.0
BATCH-20260411-032,2026-04-11,Post-Intervention,"6"" 90",54,260.0
BATCH-20260411-032,2026-04-11,Post-Intervention,"6"" 90",55,245.0
BATCH-20260411-032,2026-04-11,Post-Intervention,"6"" 90",56,256.0
BATCH-20260411-032,2026-04-11,Post-Intervention,"6"" 90",57,251.0
BATCH-20260411-032,2026-04-11,Post-Intervention,"6"" 90",58,257.0
BATCH-20260411-032,2026-04-11,Post-Intervention,"6"" 90",59,235.0
BATCH-20260411-032,2026-04-11,Post-Intervention,"6"" 90",60,247.0
BATCH-20260411-032,2026-04-11,Post-Intervention,"6"" 90",61,252.0
BATCH-20260411-032,2026-04-11,Post-Intervention,"6"" 90",62,257.0
BATCH-20260411-032,2026-04-11,Post-Intervention,"6"" 90",63,238.0
BATCH-20260411-032,2026-04-11,Post-Intervention,"6"" 90",64,238.0
BATCH-20260411-032,2026-04-11,Post-Intervention,"6"" 90",65,253.0
BATCH-20260411-032,2026-04-11,Post-Intervention,"6"" 90",66,246.0
BATCH-20260411-032,2026-04-11,Post-Intervention,"6"" 90",67,252.0
BATCH-20260411-032,2026-04-11,Post-Intervention,"6"" 90",68,255.0
BATCH-20260411-032,2026-04-11,Post-Intervention,"6"" 90",69,242.0
BATCH-20260411-032,2026-04-11,Post-Intervention,"6"" 90",70,251.0
BATCH-20260411-032,2026-04-11,Post-Intervention,"6"" 90",71,239.0
BATCH-20260411-032,2026-04-11,Post-Intervention,"6"" 90",72,242.0
BATCH-20260411-032,2026-04-11,Post-Intervention,"6"" 90",73,243.0
BATCH-20260411-032,2026-04-11,Post-Intervention,"6"" 90",74,252.0
BATCH-20260411-032,2026-04-11,Post-Intervention,"6"" 90",75,253.0
BATCH-20260411-032,2026-04-11,Post-Intervention,"6"" 90",76,259.0
BATCH-20260411-032,2026-04-11,Post-Intervention,"6"" 90",77,246.0
BATCH-20260411-032,2026-04-11,Post-Intervention,"6"" 90",78,242.0
BATCH-20260411-032,2026-04-11,Post-Intervention,"6"" 90",79,254.0
BATCH-20260411-032,2026-04-11,Post-Intervention,"6"" 90",80,254.0
BATCH-20260411-032,2026-04-11,Post-Intervention,"6"" 90",81,241.0
BATCH-20260411-032,2026-04-11,Post-Intervention,"6"" 90",82,253.0
BATCH-20260411-032,2026-04-11,Post-Intervention,"6"" 90",83,248.0
BATCH-20260411-032,2026-04-11,Post-Intervention,"6"" 90",84,255.0
BATCH-20260408-033,2026-04-08,Post-Intervention,"6"" 90",1,236.0
BATCH-20260408-033,2026-04-08,Post-Intervention,"6"" 90",2,236.0
BATCH-20260408-033,2026-04-08,Post-Intervention,"6"" 90",3,239.0
BATCH-20260408-033,2026-04-08,Post-Intervention,"6"" 90",4,239.0
BATCH-20260408-033,2026-04-08,Post-Intervention,"6"" 90",5,266.0
BATCH-20260408-033,2026-04-08,Post-Intervention,"6"" 90",6,261.0
BATCH-20260408-033,2026-04-08,Post-Intervention,"6"" 90",7,269.0
BATCH-20260408-033,2026-04-08,Post-Intervention,"6"" 90",8,238.0
BATCH-20260408-033,2026-04-08,Post-Intervention,"6"" 90",9,235.0
BATCH-20260408-033,2026-04-08,Post-Intervention,"6"" 90",10,241.0
BATCH-20260408-033,2026-04-08,Post-Intervention,"6"" 90",11,246.0
BATCH-20260408-033,2026-04-08,Post-Intervention,"6"" 90",12,261.0
BATCH-20260408-033,2026-04-08,Post-Intervention,"6"" 90",13,235.0
BATCH-20260408-033,2026-04-08,Post-Intervention,"6"" 90",14,264.0
BATCH-20260408-033,2026-04-08,Post-Intervention,"6"" 90",15,242.0
BATCH-20260408-033,2026-04-08,Post-Intervention,"6"" 90",16,257.0
BATCH-20260408-033,2026-04-08,Post-Intervention,"6"" 90",17,256.0
BATCH-20260408-033,2026-04-08,Post-Intervention,"6"" 90",18,244.0
BATCH-20260408-033,2026-04-08,Post-Intervention,"6"" 90",19,251.0
BATCH-20260408-033,2026-04-08,Post-Intervention,"6"" 90",20,237.0
BATCH-20260408-033,2026-04-08,Post-Intervention,"6"" 90",21,262.0
BATCH-20260408-033,2026-04-08,Post-Intervention,"6"" 90",22,244.0
BATCH-20260408-033,2026-04-08,Post-Intervention,"6"" 90",23,251.0
BATCH-20260408-033,2026-04-08,Post-Intervention,"6"" 90",24,258.0
BATCH-20260408-033,2026-04-08,Post-Intervention,"6"" 90",25,261.0
BATCH-20260408-033,2026-04-08,Post-Intervention,"6"" 90",26,255.0
BATCH-20260408-033,2026-04-08,Post-Intervention,"6"" 90",27,252.0
BATCH-20260408-033,2026-04-08,Post-Intervention,"6"" 90",28,259.0
BATCH-20260408-033,2026-04-08,Post-Intervention,"6"" 90",29,242.0
BATCH-20260408-033,2026-04-08,Post-Intervention,"6"" 90",30,245.0
BATCH-20260408-033,2026-04-08,Post-Intervention,"6"" 90",31,254.0
BATCH-20260408-033,2026-04-08,Post-Intervention,"6"" 90",32,235.0
BATCH-20260408-033,2026-04-08,Post-Intervention,"6"" 90",33,268.0
BATCH-20260408-033,2026-04-08,Post-Intervention,"6"" 90",34,270.0
BATCH-20260408-033,2026-04-08,Post-Intervention,"6"" 90",35,255.0
BATCH-20260408-033,2026-04-08,Post-Intervention,"6"" 90",36,257.0
BATCH-20260409-034,2026-04-09,Post-Intervention,"6"" 90",1,237.0
BATCH-20260409-034,2026-04-09,Post-Intervention,"6"" 90",2,239.0
BATCH-20260409-034,2026-04-09,Post-Intervention,"6"" 90",3,244.0
BATCH-20260409-034,2026-04-09,Post-Intervention,"6"" 90",4,227.0
BATCH-20260409-034,2026-04-09,Post-Intervention,"6"" 90",5,232.0
BATCH-20260409-034,2026-04-09,Post-Intervention,"6"" 90",6,228.0
BATCH-20260409-034,2026-04-09,Post-Intervention,"6"" 90",7,249.0
BATCH-20260409-034,2026-04-09,Post-Intervention,"6"" 90",8,219.0
BATCH-20260409-034,2026-04-09,Post-Intervention,"6"" 90",9,235.0
BATCH-20260409-034,2026-04-09,Post-Intervention,"6"" 90",10,215.0
BATCH-20260409-034,2026-04-09,Post-Intervention,"6"" 90",11,247.0
BATCH-20260409-034,2026-04-09,Post-Intervention,"6"" 90",12,226.0
BATCH-20260409-034,2026-04-09,Post-Intervention,"6"" 90",13,237.0
BATCH-20260409-034,2026-04-09,Post-Intervention,"6"" 90",14,218.0
BATCH-20260409-034,2026-04-09,Post-Intervention,"6"" 90",15,235.0
BATCH-20260409-034,2026-04-09,Post-Intervention,"6"" 90",16,225.0
BATCH-20260409-034,2026-04-09,Post-Intervention,"6"" 90",17,230.0
BATCH-20260410-035,2026-04-10,Post-Intervention,"6"" 90",1,220.0
BATCH-20260410-035,2026-04-10,Post-Intervention,"6"" 90",2,248.0
BATCH-20260410-035,2026-04-10,Post-Intervention,"6"" 90",3,212.0
BATCH-20260410-035,2026-04-10,Post-Intervention,"6"" 90",4,235.0
BATCH-20260410-035,2026-04-10,Post-Intervention,"6"" 90",5,238.0
BATCH-20260410-035,2026-04-10,Post-Intervention,"6"" 90",6,235.0
BATCH-20260410-035,2026-04-10,Post-Intervention,"6"" 90",7,249.0
BATCH-20260410-035,2026-04-10,Post-Intervention,"6"" 90",8,238.0
BATCH-20260410-035,2026-04-10,Post-Intervention,"6"" 90",9,217.0
BATCH-20260410-035,2026-04-10,Post-Intervention,"6"" 90",10,237.0
BATCH-20260410-035,2026-04-10,Post-Intervention,"6"" 90",11,210.0
BATCH-20260410-035,2026-04-10,Post-Intervention,"6"" 90",12,235.0
BATCH-20260410-035,2026-04-10,Post-Intervention,"6"" 90",13,224.0
BATCH-20260410-035,2026-04-10,Post-Intervention,"6"" 90",14,246.0
BATCH-20260410-035,2026-04-10,Post-Intervention,"6"" 90",15,244.0
BATCH-20260410-035,2026-04-10,Post-Intervention,"6"" 90",16,250.0
BATCH-20260410-035,2026-04-10,Post-Intervention,"6"" 90",17,248.0
BATCH-20260410-035,2026-04-10,Post-Intervention,"6"" 90",18,209.0
BATCH-20260410-035,2026-04-10,Post-Intervention,"6"" 90",19,222.0
BATCH-20260410-035,2026-04-10,Post-Intervention,"6"" 90",20,231.0
BATCH-20260410-035,2026-04-10,Post-Intervention,"6"" 90",21,248.0
BATCH-20260410-035,2026-04-10,Post-Intervention,"6"" 90",22,235.0
BATCH-20260410-035,2026-04-10,Post-Intervention,"6"" 90",23,223.0
BATCH-20260410-035,2026-04-10,Post-Intervention,"6"" 90",24,230.0
BATCH-20260410-035,2026-04-10,Post-Intervention,"6"" 90",25,228.0
BATCH-20260410-035,2026-04-10,Post-Intervention,"6"" 90",26,233.0
BATCH-20260410-035,2026-04-10,Post-Intervention,"6"" 90",27,238.0
BATCH-20260410-035,2026-04-10,Post-Intervention,"6"" 90",28,250.0
BATCH-20260410-035,2026-04-10,Post-Intervention,"6"" 90",29,236.0
BATCH-20260410-035,2026-04-10,Post-Intervention,"6"" 90",30,218.0
BATCH-20260410-035,2026-04-10,Post-Intervention,"6"" 90",31,245.0
BATCH-20260410-035,2026-04-10,Post-Intervention,"6"" 90",32,243.0
BATCH-20260410-035,2026-04-10,Post-Intervention,"6"" 90",33,236.0
BATCH-20260410-035,2026-04-10,Post-Intervention,"6"" 90",34,223.0
BATCH-20260410-035,2026-04-10,Post-Intervention,"6"" 90",35,230.0
BATCH-20260410-035,2026-04-10,Post-Intervention,"6"" 90",36,227.0
BATCH-20260410-035,2026-04-10,Post-Intervention,"6"" 90",37,218.0
BATCH-20260410-035,2026-04-10,Post-Intervention,"6"" 90",38,247.0
BATCH-20260410-035,2026-04-10,Post-Intervention,"6"" 90",39,227.0
BATCH-20260410-035,2026-04-10,Post-Intervention,"6"" 90",40,212.0
BATCH-20260410-035,2026-04-10,Post-Intervention,"6"" 90",41,216.0
BATCH-20260410-035,2026-04-10,Post-Intervention,"6"" 90",42,234.0
BATCH-20260410-035,2026-04-10,Post-Intervention,"6"" 90",43,241.0
BATCH-20260410-035,2026-04-10,Post-Intervention,"6"" 90",44,249.0
BATCH-20260410-035,2026-04-10,Post-Intervention,"6"" 90",45,239.0
BATCH-20260410-035,2026-04-10,Post-Intervention,"6"" 90",46,216.0
BATCH-20260410-035,2026-04-10,Post-Intervention,"6"" 90",47,214.0
BATCH-20260410-035,2026-04-10,Post-Intervention,"6"" 90",48,227.0
BATCH-20260410-035,2026-04-10,Post-Intervention,"6"" 90",49,234.0
BATCH-20260410-035,2026-04-10,Post-Intervention,"6"" 90",50,238.0
BATCH-20260410-035,2026-04-10,Post-Intervention,"6"" 90",51,217.0
BATCH-20260412-036,2026-04-12,Post-Intervention,"6"" 90",1,251.0
BATCH-20260412-036,2026-04-12,Post-Intervention,"6"" 90",2,255.0
BATCH-20260412-036,2026-04-12,Post-Intervention,"6"" 90",3,256.0
BATCH-20260412-036,2026-04-12,Post-Intervention,"6"" 90",4,250.0
BATCH-20260412-036,2026-04-12,Post-Intervention,"6"" 90",5,252.0
BATCH-20260412-036,2026-04-12,Post-Intervention,"6"" 90",6,254.0
BATCH-20260412-036,2026-04-12,Post-Intervention,"6"" 90",7,240.0
BATCH-20260412-036,2026-04-12,Post-Intervention,"6"" 90",8,240.0
BATCH-20260412-036,2026-04-12,Post-Intervention,"6"" 90",9,263.0
BATCH-20260412-036,2026-04-12,Post-Intervention,"6"" 90",10,255.0
BATCH-20260412-036,2026-04-12,Post-Intervention,"6"" 90",11,270.0
BATCH-20260412-036,2026-04-12,Post-Intervention,"6"" 90",12,240.0
BATCH-20260412-036,2026-04-12,Post-Intervention,"6"" 90",13,262.0
BATCH-20260412-036,2026-04-12,Post-Intervention,"6"" 90",14,254.0
BATCH-20260412-036,2026-04-12,Post-Intervention,"6"" 90",15,250.0
BATCH-20260412-036,2026-04-12,Post-Intervention,"6"" 90",16,235.0
BATCH-20260412-036,2026-04-12,Post-Intervention,"6"" 90",17,270.0
BATCH-20260412-036,2026-04-12,Post-Intervention,"6"" 90",18,254.0
BATCH-20260412-036,2026-04-12,Post-Intervention,"6"" 90",19,261.0
BATCH-20260412-036,2026-04-12,Post-Intervention,"6"" 90",20,264.0
BATCH-20260412-036,2026-04-12,Post-Intervention,"6"" 90",21,258.0
BATCH-20260412-036,2026-04-12,Post-Intervention,"6"" 90",22,257.0
BATCH-20260412-036,2026-04-12,Post-Intervention,"6"" 90",23,265.0
BATCH-20260412-036,2026-04-12,Post-Intervention,"6"" 90",24,264.0
BATCH-20260412-036,2026-04-12,Post-Intervention,"6"" 90",25,246.0
BATCH-20260412-036,2026-04-12,Post-Intervention,"6"" 90",26,249.0
BATCH-20260412-036,2026-04-12,Post-Intervention,"6"" 90",27,247.0
BATCH-20260412-036,2026-04-12,Post-Intervention,"6"" 90",28,248.0
BATCH-20260412-036,2026-04-12,Post-Intervention,"6"" 90",29,258.0
BATCH-20260412-036,2026-04-12,Post-Intervention,"6"" 90",30,258.0
BATCH-20260412-036,2026-04-12,Post-Intervention,"6"" 90",31,246.0
BATCH-20260412-036,2026-04-12,Post-Intervention,"6"" 90",32,268.0
BATCH-20260412-036,2026-04-12,Post-Intervention,"6"" 90",33,244.0
BATCH-20260412-036,2026-04-12,Post-Intervention,"6"" 90",34,248.0
BATCH-20260412-036,2026-04-12,Post-Intervention,"6"" 90",35,243.0
BATCH-20260412-036,2026-04-12,Post-Intervention,"6"" 90",36,249.0
BATCH-20260412-036,2026-04-12,Post-Intervention,"6"" 90",37,255.0
BATCH-20260412-036,2026-04-12,Post-Intervention,"6"" 90",38,256.0
BATCH-20260412-036,2026-04-12,Post-Intervention,"6"" 90",39,248.0
BATCH-20260412-036,2026-04-12,Post-Intervention,"6"" 90",40,250.0
BATCH-20260412-036,2026-04-12,Post-Intervention,"6"" 90",41,242.0
BATCH-20260412-036,2026-04-12,Post-Intervention,"6"" 90",42,254.0
BATCH-20260412-036,2026-04-12,Post-Intervention,"6"" 90",43,252.0
BATCH-20260412-036,2026-04-12,Post-Intervention,"6"" 90",44,245.0
BATCH-20260412-036,2026-04-12,Post-Intervention,"6"" 90",45,240.0
BATCH-20260412-036,2026-04-12,Post-Intervention,"6"" 90",46,260.0
BATCH-20260412-036,2026-04-12,Post-Intervention,"6"" 90",47,253.0
BATCH-20260412-036,2026-04-12,Post-Intervention,"6"" 90",48,259.0
BATCH-20260412-036,2026-04-12,Post-Intervention,"6"" 90",49,258.0
BATCH-20260412-036,2026-04-12,Post-Intervention,"6"" 90",50,256.0
BATCH-20260412-036,2026-04-12,Post-Intervention,"6"" 90",51,241.0
BATCH-20260412-036,2026-04-12,Post-Intervention,"6"" 90",52,247.0
BATCH-20260412-036,2026-04-12,Post-Intervention,"6"" 90",53,247.0
BATCH-20260412-036,2026-04-12,Post-Intervention,"6"" 90",54,241.0
BATCH-20260412-036,2026-04-12,Post-Intervention,"6"" 90",55,251.0
BATCH-20260412-036,2026-04-12,Post-Intervention,"6"" 90",56,250.0
BATCH-20260412-036,2026-04-12,Post-Intervention,"6"" 90",57,239.0
BATCH-20260412-036,2026-04-12,Post-Intervention,"6"" 90",58,238.0
BATCH-20260412-036,2026-04-12,Post-Intervention,"6"" 90",59,252.0
BATCH-20260412-036,2026-04-12,Post-Intervention,"6"" 90",60,244.0
BATCH-20260412-036,2026-04-12,Post-Intervention,"6"" 90",61,259.0
BATCH-20260414-037,2026-04-14,Post-Intervention,"6"" 90",1,256.0
BATCH-20260414-037,2026-04-14,Post-Intervention,"6"" 90",2,267.0
BATCH-20260414-037,2026-04-14,Post-Intervention,"6"" 90",3,237.0
BATCH-20260414-037,2026-04-14,Post-Intervention,"6"" 90",4,254.0
BATCH-20260414-037,2026-04-14,Post-Intervention,"6"" 90",5,267.0
BATCH-20260414-037,2026-04-14,Post-Intervention,"6"" 90",6,268.0
BATCH-20260414-037,2026-04-14,Post-Intervention,"6"" 90",7,270.0
BATCH-20260414-037,2026-04-14,Post-Intervention,"6"" 90",8,243.0
BATCH-20260414-037,2026-04-14,Post-Intervention,"6"" 90",9,239.0
BATCH-20260414-037,2026-04-14,Post-Intervention,"6"" 90",10,239.0
BATCH-20260414-037,2026-04-14,Post-Intervention,"6"" 90",11,238.0
BATCH-20260414-037,2026-04-14,Post-Intervention,"6"" 90",12,249.0
BATCH-20260414-037,2026-04-14,Post-Intervention,"6"" 90",13,245.0
BATCH-20260414-037,2026-04-14,Post-Intervention,"6"" 90",14,238.0
BATCH-20260414-037,2026-04-14,Post-Intervention,"6"" 90",15,246.0
BATCH-20260414-037,2026-04-14,Post-Intervention,"6"" 90",16,246.0
BATCH-20260414-037,2026-04-14,Post-Intervention,"6"" 90",17,251.0
BATCH-20260414-037,2026-04-14,Post-Intervention,"6"" 90",18,238.0
BATCH-20260414-037,2026-04-14,Post-Intervention,"6"" 90",19,266.0
BATCH-20260414-037,2026-04-14,Post-Intervention,"6"" 90",20,250.0
BATCH-20260414-037,2026-04-14,Post-Intervention,"6"" 90",21,235.0
BATCH-20260414-037,2026-04-14,Post-Intervention,"6"" 90",22,237.0
BATCH-20260414-037,2026-04-14,Post-Intervention,"6"" 90",23,258.0
BATCH-20260414-037,2026-04-14,Post-Intervention,"6"" 90",24,256.0
BATCH-20260414-037,2026-04-14,Post-Intervention,"6"" 90",25,258.0
BATCH-20260414-037,2026-04-14,Post-Intervention,"6"" 90",26,239.0
BATCH-20260414-037,2026-04-14,Post-Intervention,"6"" 90",27,268.0
BATCH-20260414-037,2026-04-14,Post-Intervention,"6"" 90",28,259.0
BATCH-20260414-037,2026-04-14,Post-Intervention,"6"" 90",29,246.0
BATCH-20260414-037,2026-04-14,Post-Intervention,"6"" 90",30,244.0
BATCH-20260414-037,2026-04-14,Post-Intervention,"6"" 90",31,259.0
BATCH-20260414-037,2026-04-14,Post-Intervention,"6"" 90",32,247.0
BATCH-20260414-037,2026-04-14,Post-Intervention,"6"" 90",33,254.0
BATCH-20260414-037,2026-04-14,Post-Intervention,"6"" 90",34,264.0
BATCH-20260414-037,2026-04-14,Post-Intervention,"6"" 90",35,250.0
BATCH-20260414-037,2026-04-14,Post-Intervention,"6"" 90",36,240.0
BATCH-20260414-037,2026-04-14,Post-Intervention,"6"" 90",37,222.0
BATCH-20260414-037,2026-04-14,Post-Intervention,"6"" 90",38,259.0
BATCH-20260414-037,2026-04-14,Post-Intervention,"6"" 90",39,240.0
BATCH-20260414-037,2026-04-14,Post-Intervention,"6"" 90",40,220.0
BATCH-20260414-037,2026-04-14,Post-Intervention,"6"" 90",41,260.0
BATCH-20260414-037,2026-04-14,Post-Intervention,"6"" 90",42,253.0
BATCH-20260414-037,2026-04-14,Post-Intervention,"6"" 90",43,229.0
BATCH-20260414-037,2026-04-14,Post-Intervention,"6"" 90",44,246.0
BATCH-20260414-037,2026-04-14,Post-Intervention,"6"" 90",45,257.0
BATCH-20260414-037,2026-04-14,Post-Intervention,"6"" 90",46,257.0
BATCH-20260414-037,2026-04-14,Post-Intervention,"6"" 90",47,231.0
BATCH-20260414-037,2026-04-14,Post-Intervention,"6"" 90",48,255.0
BATCH-20260414-037,2026-04-14,Post-Intervention,"6"" 90",49,216.0
BATCH-20260414-037,2026-04-14,Post-Intervention,"6"" 90",50,252.0
BATCH-20260414-037,2026-04-14,Post-Intervention,"6"" 90",51,254.0
BATCH-20260414-037,2026-04-14,Post-Intervention,"6"" 90",52,247.0
BATCH-20260414-037,2026-04-14,Post-Intervention,"6"" 90",53,220.0
BATCH-20260414-037,2026-04-14,Post-Intervention,"6"" 90",54,219.0
BATCH-20260414-037,2026-04-14,Post-Intervention,"6"" 90",55,245.0
BATCH-20260414-037,2026-04-14,Post-Intervention,"6"" 90",56,260.0
BATCH-20260414-037,2026-04-14,Post-Intervention,"6"" 90",57,243.0
BATCH-20260414-037,2026-04-14,Post-Intervention,"6"" 90",58,260.0
BATCH-20260414-037,2026-04-14,Post-Intervention,"6"" 90",59,239.0
BATCH-20260414-037,2026-04-14,Post-Intervention,"6"" 90",60,254.0
BATCH-20260414-037,2026-04-14,Post-Intervention,"6"" 90",61,225.0
BATCH-20260414-037,2026-04-14,Post-Intervention,"6"" 90",62,238.0
BATCH-20260414-037,2026-04-14,Post-Intervention,"6"" 90",63,246.0
BATCH-20260414-037,2026-04-14,Post-Intervention,"6"" 90",64,253.0
BATCH-20260414-037,2026-04-14,Post-Intervention,"6"" 90",65,249.0
BATCH-20260414-037,2026-04-14,Post-Intervention,"6"" 90",66,260.0
BATCH-20260414-037,2026-04-14,Post-Intervention,"6"" 90",67,256.0
BATCH-20260414-037,2026-04-14,Post-Intervention,"6"" 90",68,250.0
BATCH-20260414-037,2026-04-14,Post-Intervention,"6"" 90",69,250.0
BATCH-20260414-037,2026-04-14,Post-Intervention,"6"" 90",70,252.0
BATCH-20260414-037,2026-04-14,Post-Intervention,"6"" 90",71,255.0
BATCH-20260414-037,2026-04-14,Post-Intervention,"6"" 90",72,247.0
BATCH-20260414-037,2026-04-14,Post-Intervention,"6"" 90",73,236.0
BATCH-20260414-037,2026-04-14,Post-Intervention,"6"" 90",74,229.0
BATCH-20260414-037,2026-04-14,Post-Intervention,"6"" 90",75,247.0
BATCH-20260414-037,2026-04-14,Post-Intervention,"6"" 90",76,239.0
BATCH-20260414-037,2026-04-14,Post-Intervention,"6"" 90",77,249.0
BATCH-20260414-037,2026-04-14,Post-Intervention,"6"" 90",78,249.0
BATCH-20260414-037,2026-04-14,Post-Intervention,"6"" 90",79,242.0
BATCH-20260414-037,2026-04-14,Post-Intervention,"6"" 90",80,246.0
BATCH-20260414-037,2026-04-14,Post-Intervention,"6"" 90",81,226.0
BATCH-20260414-037,2026-04-14,Post-Intervention,"6"" 90",82,222.0
BATCH-20260414-037,2026-04-14,Post-Intervention,"6"" 90",83,234.0
BATCH-20260414-037,2026-04-14,Post-Intervention,"6"" 90",84,235.0
BATCH-20260414-037,2026-04-14,Post-Intervention,"6"" 90",85,224.0
BATCH-20260414-037,2026-04-14,Post-Intervention,"6"" 90",86,225.0
BATCH-20260414-037,2026-04-14,Post-Intervention,"6"" 90",87,221.0
BATCH-20260414-037,2026-04-14,Post-Intervention,"6"" 90",88,247.0
BATCH-20260414-037,2026-04-14,Post-Intervention,"6"" 90",89,228.0
BATCH-20260414-037,2026-04-14,Post-Intervention,"6"" 90",90,224.0
BATCH-20260414-037,2026-04-14,Post-Intervention,"6"" 90",91,230.0
BATCH-20260414-037,2026-04-14,Post-Intervention,"6"" 90",92,230.0
BATCH-20260414-037,2026-04-14,Post-Intervention,"6"" 90",93,234.0
BATCH-20260414-037,2026-04-14,Post-Intervention,"6"" 90",94,240.0
BATCH-20260414-037,2026-04-14,Post-Intervention,"6"" 90",95,222.0
BATCH-20260414-037,2026-04-14,Post-Intervention,"6"" 90",96,221.0
BATCH-20260414-037,2026-04-14,Post-Intervention,"6"" 90",97,228.0
BATCH-20260414-037,2026-04-14,Post-Intervention,"6"" 90",98,220.0
BATCH-20260414-037,2026-04-14,Post-Intervention,"6"" 90",99,246.0
BATCH-20260414-037,2026-04-14,Post-Intervention,"6"" 90",100,249.0
BATCH-20260415-038,2026-04-15,Post-Intervention,"6"" 90",1,246.0
BATCH-20260415-038,2026-04-15,Post-Intervention,"6"" 90",2,252.0
BATCH-20260415-038,2026-04-15,Post-Intervention,"6"" 90",3,240.0
BATCH-20260415-038,2026-04-15,Post-Intervention,"6"" 90",4,223.0
BATCH-20260415-038,2026-04-15,Post-Intervention,"6"" 90",5,226.0
BATCH-20260415-038,2026-04-15,Post-Intervention,"6"" 90",6,260.0
BATCH-20260415-038,2026-04-15,Post-Intervention,"6"" 90",7,252.0
BATCH-20260415-038,2026-04-15,Post-Intervention,"6"" 90",8,223.0
BATCH-20260415-038,2026-04-15,Post-Intervention,"6"" 90",9,241.0
BATCH-20260415-038,2026-04-15,Post-Intervention,"6"" 90",10,226.0
BATCH-20260415-038,2026-04-15,Post-Intervention,"6"" 90",11,252.0
BATCH-20260415-038,2026-04-15,Post-Intervention,"6"" 90",12,242.0
BATCH-20260415-038,2026-04-15,Post-Intervention,"6"" 90",13,214.0
BATCH-20260415-038,2026-04-15,Post-Intervention,"6"" 90",14,252.0
BATCH-20260415-038,2026-04-15,Post-Intervention,"6"" 90",15,233.0
BATCH-20260415-038,2026-04-15,Post-Intervention,"6"" 90",16,248.0
BATCH-20260415-038,2026-04-15,Post-Intervention,"6"" 90",17,220.0
BATCH-20260415-038,2026-04-15,Post-Intervention,"6"" 90",18,242.0
BATCH-20260415-038,2026-04-15,Post-Intervention,"6"" 90",19,237.0
BATCH-20260415-038,2026-04-15,Post-Intervention,"6"" 90",20,253.0
BATCH-20260415-038,2026-04-15,Post-Intervention,"6"" 90",21,257.0
BATCH-20260415-038,2026-04-15,Post-Intervention,"6"" 90",22,219.0
BATCH-20260415-038,2026-04-15,Post-Intervention,"6"" 90",23,259.0
BATCH-20260415-038,2026-04-15,Post-Intervention,"6"" 90",24,249.0
BATCH-20260415-038,2026-04-15,Post-Intervention,"6"" 90",25,253.0
BATCH-20260415-038,2026-04-15,Post-Intervention,"6"" 90",26,214.0
BATCH-20260415-038,2026-04-15,Post-Intervention,"6"" 90",27,246.0
BATCH-20260415-038,2026-04-15,Post-Intervention,"6"" 90",28,245.0
BATCH-20260415-038,2026-04-15,Post-Intervention,"6"" 90",29,219.0
BATCH-20260415-038,2026-04-15,Post-Intervention,"6"" 90",30,217.0
BATCH-20260415-038,2026-04-15,Post-Intervention,"6"" 90",31,247.0
BATCH-20260415-038,2026-04-15,Post-Intervention,"6"" 90",32,254.0
BATCH-20260415-038,2026-04-15,Post-Intervention,"6"" 90",33,257.0
BATCH-20260415-038,2026-04-15,Post-Intervention,"6"" 90",34,244.0
BATCH-20260415-038,2026-04-15,Post-Intervention,"6"" 90",35,210.0
BATCH-20260415-038,2026-04-15,Post-Intervention,"6"" 90",36,250.0
BATCH-20260415-038,2026-04-15,Post-Intervention,"6"" 90",37,236.0
BATCH-20260415-038,2026-04-15,Post-Intervention,"6"" 90",38,254.0
BATCH-20260415-038,2026-04-15,Post-Intervention,"6"" 90",39,223.0
BATCH-20260415-038,2026-04-15,Post-Intervention,"6"" 90",40,214.0
BATCH-20260415-038,2026-04-15,Post-Intervention,"6"" 90",41,247.0
BATCH-20260415-038,2026-04-15,Post-Intervention,"6"" 90",42,218.0
BATCH-20260415-038,2026-04-15,Post-Intervention,"6"" 90",43,218.0
BATCH-20260415-038,2026-04-15,Post-Intervention,"6"" 90",44,219.0
BATCH-20260415-038,2026-04-15,Post-Intervention,"6"" 90",45,259.0
BATCH-20260415-038,2026-04-15,Post-Intervention,"6"" 90",46,258.0
BATCH-20260415-038,2026-04-15,Post-Intervention,"6"" 90",47,242.0
BATCH-20260415-038,2026-04-15,Post-Intervention,"6"" 90",48,258.0
BATCH-20260415-038,2026-04-15,Post-Intervention,"6"" 90",49,238.0
BATCH-20260415-038,2026-04-15,Post-Intervention,"6"" 90",50,229.0
BATCH-20260415-038,2026-04-15,Post-Intervention,"6"" 90",51,227.0
BATCH-20260415-038,2026-04-15,Post-Intervention,"6"" 90",52,225.0
BATCH-20260415-038,2026-04-15,Post-Intervention,"6"" 90",53,230.0
BATCH-20260415-038,2026-04-15,Post-Intervention,"6"" 90",54,234.0
BATCH-20260415-038,2026-04-15,Post-Intervention,"6"" 90",55,218.0
BATCH-20260415-038,2026-04-15,Post-Intervention,"6"" 90",56,219.0
BATCH-20260415-038,2026-04-15,Post-Intervention,"6"" 90",57,240.0
BATCH-20260415-038,2026-04-15,Post-Intervention,"6"" 90",58,217.0
BATCH-20260415-038,2026-04-15,Post-Intervention,"6"" 90",59,249.0
BATCH-20260415-038,2026-04-15,Post-Intervention,"6"" 90",60,214.0
BATCH-20260415-038,2026-04-15,Post-Intervention,"6"" 90",61,231.0
BATCH-20260415-038,2026-04-15,Post-Intervention,"6"" 90",62,225.0
BATCH-20260415-038,2026-04-15,Post-Intervention,"6"" 90",63,222.0
BATCH-20260415-038,2026-04-15,Post-Intervention,"6"" 90",64,247.0
BATCH-20260415-038,2026-04-15,Post-Intervention,"6"" 90",65,236.0
BATCH-20260415-038,2026-04-15,Post-Intervention,"6"" 90",66,217.0
BATCH-20260415-038,2026-04-15,Post-Intervention,"6"" 90",67,239.0
BATCH-20260415-038,2026-04-15,Post-Intervention,"6"" 90",68,221.0
BATCH-20260415-038,2026-04-15,Post-Intervention,"6"" 90",69,227.0
BATCH-20260415-038,2026-04-15,Post-Intervention,"6"" 90",70,225.0
BATCH-20260415-038,2026-04-15,Post-Intervention,"6"" 90",71,243.0
BATCH-20260415-038,2026-04-15,Post-Intervention,"6"" 90",72,219.0
BATCH-20260415-038,2026-04-15,Post-Intervention,"6"" 90",73,215.0
BATCH-20260415-038,2026-04-15,Post-Intervention,"6"" 90",74,225.0
BATCH-20260415-038,2026-04-15,Post-Intervention,"6"" 90",75,249.0
BATCH-20260416-039,2026-04-16,Post-Intervention,"6"" 90",1,260.0
BATCH-20260416-039,2026-04-16,Post-Intervention,"6"" 90",2,260.0
BATCH-20260416-039,2026-04-16,Post-Intervention,"6"" 90",3,250.0
BATCH-20260416-039,2026-04-16,Post-Intervention,"6"" 90",4,240.0
BATCH-20260416-039,2026-04-16,Post-Intervention,"6"" 90",5,235.0
BATCH-20260416-039,2026-04-16,Post-Intervention,"6"" 90",6,247.0
BATCH-20260416-039,2026-04-16,Post-Intervention,"6"" 90",7,258.0
BATCH-20260416-039,2026-04-16,Post-Intervention,"6"" 90",8,256.0
BATCH-20260416-039,2026-04-16,Post-Intervention,"6"" 90",9,264.0
BATCH-20260416-039,2026-04-16,Post-Intervention,"6"" 90",10,238.0
BATCH-20260416-039,2026-04-16,Post-Intervention,"6"" 90",11,237.0
BATCH-20260416-039,2026-04-16,Post-Intervention,"6"" 90",12,245.0
BATCH-20260416-039,2026-04-16,Post-Intervention,"6"" 90",13,243.0
BATCH-20260416-039,2026-04-16,Post-Intervention,"6"" 90",14,267.0
BATCH-20260416-039,2026-04-16,Post-Intervention,"6"" 90",15,260.0
BATCH-20260416-039,2026-04-16,Post-Intervention,"6"" 90",16,236.0
BATCH-20260416-039,2026-04-16,Post-Intervention,"6"" 90",17,243.0
BATCH-20260416-039,2026-04-16,Post-Intervention,"6"" 90",18,249.0
BATCH-20260416-039,2026-04-16,Post-Intervention,"6"" 90",19,253.0
BATCH-20260416-039,2026-04-16,Post-Intervention,"6"" 90",20,253.0
BATCH-20260416-039,2026-04-16,Post-Intervention,"6"" 90",21,246.0
BATCH-20260416-039,2026-04-16,Post-Intervention,"6"" 90",22,259.0
BATCH-20260416-039,2026-04-16,Post-Intervention,"6"" 90",23,249.0
BATCH-20260416-039,2026-04-16,Post-Intervention,"6"" 90",24,251.0
BATCH-20260416-039,2026-04-16,Post-Intervention,"6"" 90",25,250.0
BATCH-20260416-039,2026-04-16,Post-Intervention,"6"" 90",26,248.0
BATCH-20260416-039,2026-04-16,Post-Intervention,"6"" 90",27,260.0
BATCH-20260416-039,2026-04-16,Post-Intervention,"6"" 90",28,238.0
BATCH-20260416-039,2026-04-16,Post-Intervention,"6"" 90",29,266.0
BATCH-20260416-039,2026-04-16,Post-Intervention,"6"" 90",30,252.0
BATCH-20260416-039,2026-04-16,Post-Intervention,"6"" 90",31,270.0
BATCH-20260416-039,2026-04-16,Post-Intervention,"6"" 90",32,267.0
BATCH-20260416-039,2026-04-16,Post-Intervention,"6"" 90",33,251.0
BATCH-20260416-039,2026-04-16,Post-Intervention,"6"" 90",34,265.0
BATCH-20260416-039,2026-04-16,Post-Intervention,"6"" 90",35,239.0
BATCH-20260416-039,2026-04-16,Post-Intervention,"6"" 90",36,253.0
BATCH-20260416-039,2026-04-16,Post-Intervention,"6"" 90",37,260.0
BATCH-20260416-039,2026-04-16,Post-Intervention,"6"" 90",38,255.0
BATCH-20260416-039,2026-04-16,Post-Intervention,"6"" 90",39,253.0
BATCH-20260416-039,2026-04-16,Post-Intervention,"6"" 90",40,248.0
BATCH-20260416-039,2026-04-16,Post-Intervention,"6"" 90",41,238.0
BATCH-20260416-039,2026-04-16,Post-Intervention,"6"" 90",42,245.0
BATCH-20260416-039,2026-04-16,Post-Intervention,"6"" 90",43,243.0
BATCH-20260416-039,2026-04-16,Post-Intervention,"6"" 90",44,244.0
BATCH-20260416-039,2026-04-16,Post-Intervention,"6"" 90",45,236.0
BATCH-20260416-039,2026-04-16,Post-Intervention,"6"" 90",46,235.0
BATCH-20260416-039,2026-04-16,Post-Intervention,"6"" 90",47,257.0
BATCH-20260416-039,2026-04-16,Post-Intervention,"6"" 90",48,259.0
BATCH-20260416-039,2026-04-16,Post-Intervention,"6"" 90",49,248.0
BATCH-20260416-039,2026-04-16,Post-Intervention,"6"" 90",50,249.0
BATCH-20260416-039,2026-04-16,Post-Intervention,"6"" 90",51,239.0
BATCH-20260416-039,2026-04-16,Post-Intervention,"6"" 90",52,251.0
BATCH-20260416-039,2026-04-16,Post-Intervention,"6"" 90",53,239.0
BATCH-20260416-039,2026-04-16,Post-Intervention,"6"" 90",54,246.0
BATCH-20260416-039,2026-04-16,Post-Intervention,"6"" 90",55,241.0
BATCH-20260416-039,2026-04-16,Post-Intervention,"6"" 90",56,245.0
BATCH-20260417-040,2026-04-17,Post-Intervention,"6"" 90",1,247.0
BATCH-20260417-040,2026-04-17,Post-Intervention,"6"" 90",2,250.0
BATCH-20260417-040,2026-04-17,Post-Intervention,"6"" 90",3,244.0
BATCH-20260417-040,2026-04-17,Post-Intervention,"6"" 90",4,252.0
BATCH-20260417-040,2026-04-17,Post-Intervention,"6"" 90",5,237.0
BATCH-20260417-040,2026-04-17,Post-Intervention,"6"" 90",6,256.0
BATCH-20260417-040,2026-04-17,Post-Intervention,"6"" 90",7,238.0
BATCH-20260417-040,2026-04-17,Post-Intervention,"6"" 90",8,249.0
BATCH-20260417-040,2026-04-17,Post-Intervention,"6"" 90",9,239.0
BATCH-20260417-040,2026-04-17,Post-Intervention,"6"" 90",10,250.0
BATCH-20260417-040,2026-04-17,Post-Intervention,"6"" 90",11,260.0
BATCH-20260417-040,2026-04-17,Post-Intervention,"6"" 90",12,254.0
BATCH-20260417-040,2026-04-17,Post-Intervention,"6"" 90",13,247.0
BATCH-20260417-040,2026-04-17,Post-Intervention,"6"" 90",14,259.0
BATCH-20260417-040,2026-04-17,Post-Intervention,"6"" 90",15,251.0
BATCH-20260417-040,2026-04-17,Post-Intervention,"6"" 90",16,261.0
BATCH-20260417-040,2026-04-17,Post-Intervention,"6"" 90",17,254.0
BATCH-20260417-040,2026-04-17,Post-Intervention,"6"" 90",18,240.0
BATCH-20260417-040,2026-04-17,Post-Intervention,"6"" 90",19,236.0
BATCH-20260417-040,2026-04-17,Post-Intervention,"6"" 90",20,269.0
BATCH-20260417-040,2026-04-17,Post-Intervention,"6"" 90",21,267.0
BATCH-20260417-040,2026-04-17,Post-Intervention,"6"" 90",22,241.0
BATCH-20260417-040,2026-04-17,Post-Intervention,"6"" 90",23,247.0
BATCH-20260417-040,2026-04-17,Post-Intervention,"6"" 90",24,238.0
BATCH-20260417-040,2026-04-17,Post-Intervention,"6"" 90",25,240.0
BATCH-20260417-040,2026-04-17,Post-Intervention,"6"" 90",26,240.0
BATCH-20260417-040,2026-04-17,Post-Intervention,"6"" 90",27,263.0
BATCH-20260417-040,2026-04-17,Post-Intervention,"6"" 90",28,262.0
BATCH-20260417-040,2026-04-17,Post-Intervention,"6"" 90",29,238.0
BATCH-20260417-040,2026-04-17,Post-Intervention,"6"" 90",30,263.0
BATCH-20260417-040,2026-04-17,Post-Intervention,"6"" 90",31,268.0
BATCH-20260417-040,2026-04-17,Post-Intervention,"6"" 90",32,255.0
BATCH-20260417-040,2026-04-17,Post-Intervention,"6"" 90",33,270.0
BATCH-20260417-040,2026-04-17,Post-Intervention,"6"" 90",34,268.0
BATCH-20260417-040,2026-04-17,Post-Intervention,"6"" 90",35,250.0
BATCH-20260417-040,2026-04-17,Post-Intervention,"6"" 90",36,235.0
BATCH-20260417-040,2026-04-17,Post-Intervention,"6"" 90",37,239.0
BATCH-20260417-040,2026-04-17,Post-Intervention,"6"" 90",38,252.0
BATCH-20260417-040,2026-04-17,Post-Intervention,"6"" 90",39,238.0
BATCH-20260417-040,2026-04-17,Post-Intervention,"6"" 90",40,260.0
BATCH-20260417-040,2026-04-17,Post-Intervention,"6"" 90",41,236.0
BATCH-20260417-040,2026-04-17,Post-Intervention,"6"" 90",42,255.0
BATCH-20260417-040,2026-04-17,Post-Intervention,"6"" 90",43,243.0
BATCH-20260417-040,2026-04-17,Post-Intervention,"6"" 90",44,258.0
BATCH-20260417-040,2026-04-17,Post-Intervention,"6"" 90",45,237.0
BATCH-20260417-040,2026-04-17,Post-Intervention,"6"" 90",46,245.0
BATCH-20260417-040,2026-04-17,Post-Intervention,"6"" 90",47,239.0
BATCH-20260417-040,2026-04-17,Post-Intervention,"6"" 90",48,240.0
BATCH-20260417-040,2026-04-17,Post-Intervention,"6"" 90",49,254.0
BATCH-20260417-040,2026-04-17,Post-Intervention,"6"" 90",50,238.0
BATCH-20260417-040,2026-04-17,Post-Intervention,"6"" 90",51,258.0
BATCH-20260417-040,2026-04-17,Post-Intervention,"6"" 90",52,252.0
BATCH-20260417-040,2026-04-17,Post-Intervention,"6"" 90",53,236.0
BATCH-20260417-040,2026-04-17,Post-Intervention,"6"" 90",54,247.0
BATCH-20260417-040,2026-04-17,Post-Intervention,"6"" 90",55,240.0
BATCH-20260417-040,2026-04-17,Post-Intervention,"6"" 90",56,237.0
BATCH-20260421-041,2026-04-21,Post-Intervention,"6"" 90",1,242.0
BATCH-20260421-041,2026-04-21,Post-Intervention,"6"" 90",2,239.0
BATCH-20260421-041,2026-04-21,Post-Intervention,"6"" 90",3,242.0
BATCH-20260421-041,2026-04-21,Post-Intervention,"6"" 90",4,253.0
BATCH-20260421-041,2026-04-21,Post-Intervention,"6"" 90",5,241.0
BATCH-20260421-041,2026-04-21,Post-Intervention,"6"" 90",6,239.0
BATCH-20260421-041,2026-04-21,Post-Intervention,"6"" 90",7,252.0
BATCH-20260421-041,2026-04-21,Post-Intervention,"6"" 90",8,257.0
BATCH-20260421-041,2026-04-21,Post-Intervention,"6"" 90",9,243.0
BATCH-20260421-041,2026-04-21,Post-Intervention,"6"" 90",10,264.0
BATCH-20260421-041,2026-04-21,Post-Intervention,"6"" 90",11,244.0
BATCH-20260421-041,2026-04-21,Post-Intervention,"6"" 90",12,246.0
BATCH-20260421-041,2026-04-21,Post-Intervention,"6"" 90",13,247.0
BATCH-20260421-041,2026-04-21,Post-Intervention,"6"" 90",14,237.0
BATCH-20260421-041,2026-04-21,Post-Intervention,"6"" 90",15,268.0
BATCH-20260421-041,2026-04-21,Post-Intervention,"6"" 90",16,243.0
BATCH-20260421-041,2026-04-21,Post-Intervention,"6"" 90",17,259.0
BATCH-20260421-041,2026-04-21,Post-Intervention,"6"" 90",18,249.0
BATCH-20260421-041,2026-04-21,Post-Intervention,"6"" 90",19,252.0
BATCH-20260421-041,2026-04-21,Post-Intervention,"6"" 90",20,248.0
BATCH-20260421-041,2026-04-21,Post-Intervention,"6"" 90",21,252.0
BATCH-20260421-041,2026-04-21,Post-Intervention,"6"" 90",22,248.0
BATCH-20260421-041,2026-04-21,Post-Intervention,"6"" 90",23,252.0
BATCH-20260421-041,2026-04-21,Post-Intervention,"6"" 90",24,235.0
BATCH-20260421-041,2026-04-21,Post-Intervention,"6"" 90",25,242.0
BATCH-20260421-041,2026-04-21,Post-Intervention,"6"" 90",26,264.0
BATCH-20260421-041,2026-04-21,Post-Intervention,"6"" 90",27,269.0
BATCH-20260421-041,2026-04-21,Post-Intervention,"6"" 90",28,239.0
BATCH-20260421-041,2026-04-21,Post-Intervention,"6"" 90",29,237.0
BATCH-20260421-041,2026-04-21,Post-Intervention,"6"" 90",30,258.0
BATCH-20260421-041,2026-04-21,Post-Intervention,"6"" 90",31,254.0
BATCH-20260421-041,2026-04-21,Post-Intervention,"6"" 90",32,235.0
BATCH-20260421-041,2026-04-21,Post-Intervention,"6"" 90",33,259.0
BATCH-20260421-041,2026-04-21,Post-Intervention,"6"" 90",34,258.0
BATCH-20260421-041,2026-04-21,Post-Intervention,"6"" 90",35,244.0
BATCH-20260421-041,2026-04-21,Post-Intervention,"6"" 90",36,226.0
BATCH-20260421-041,2026-04-21,Post-Intervention,"6"" 90",37,228.0
BATCH-20260421-041,2026-04-21,Post-Intervention,"6"" 90",38,224.0
BATCH-20260421-041,2026-04-21,Post-Intervention,"6"" 90",39,251.0
BATCH-20260421-041,2026-04-21,Post-Intervention,"6"" 90",40,241.0
BATCH-20260421-041,2026-04-21,Post-Intervention,"6"" 90",41,230.0
BATCH-20260421-041,2026-04-21,Post-Intervention,"6"" 90",42,215.0
BATCH-20260421-041,2026-04-21,Post-Intervention,"6"" 90",43,255.0
BATCH-20260421-041,2026-04-21,Post-Intervention,"6"" 90",44,254.0
BATCH-20260421-041,2026-04-21,Post-Intervention,"6"" 90",45,244.0
BATCH-20260421-041,2026-04-21,Post-Intervention,"6"" 90",46,218.0
BATCH-20260421-041,2026-04-21,Post-Intervention,"6"" 90",47,234.0
BATCH-20260421-041,2026-04-21,Post-Intervention,"6"" 90",48,245.0
BATCH-20260421-041,2026-04-21,Post-Intervention,"6"" 90",49,234.0
BATCH-20260421-041,2026-04-21,Post-Intervention,"6"" 90",50,229.0
BATCH-20260421-041,2026-04-21,Post-Intervention,"6"" 90",51,224.0
BATCH-20260421-041,2026-04-21,Post-Intervention,"6"" 90",52,233.0
BATCH-20260421-041,2026-04-21,Post-Intervention,"6"" 90",53,244.0
BATCH-20260421-041,2026-04-21,Post-Intervention,"6"" 90",54,232.0
BATCH-20260421-041,2026-04-21,Post-Intervention,"6"" 90",55,250.0
BATCH-20260421-041,2026-04-21,Post-Intervention,"6"" 90",56,219.0
BATCH-20260421-041,2026-04-21,Post-Intervention,"6"" 90",57,243.0
BATCH-20260421-041,2026-04-21,Post-Intervention,"6"" 90",58,249.0
BATCH-20260421-041,2026-04-21,Post-Intervention,"6"" 90",59,220.0
BATCH-20260421-041,2026-04-21,Post-Intervention,"6"" 90",60,234.0
BATCH-20260421-041,2026-04-21,Post-Intervention,"6"" 90",61,252.0
BATCH-20260421-041,2026-04-21,Post-Intervention,"6"" 90",62,235.0
BATCH-20260421-041,2026-04-21,Post-Intervention,"6"" 90",63,238.0
BATCH-20260421-041,2026-04-21,Post-Intervention,"6"" 90",64,260.0
BATCH-20260421-041,2026-04-21,Post-Intervention,"6"" 90",65,256.0
BATCH-20260421-041,2026-04-21,Post-Intervention,"6"" 90",66,235.0
BATCH-20260421-041,2026-04-21,Post-Intervention,"6"" 90",67,245.0
BATCH-20260421-041,2026-04-21,Post-Intervention,"6"" 90",68,258.0
BATCH-20260421-041,2026-04-21,Post-Intervention,"6"" 90",69,240.0
BATCH-20260421-041,2026-04-21,Post-Intervention,"6"" 90",70,238.0
BATCH-20260421-041,2026-04-21,Post-Intervention,"6"" 90",71,237.0
BATCH-20260421-041,2026-04-21,Post-Intervention,"6"" 90",72,248.0
BATCH-20260421-041,2026-04-21,Post-Intervention,"6"" 90",73,222.0
BATCH-20260421-041,2026-04-21,Post-Intervention,"6"" 90",74,232.0
BATCH-20260421-041,2026-04-21,Post-Intervention,"6"" 90",75,228.0
BATCH-20260421-041,2026-04-21,Post-Intervention,"6"" 90",76,246.0
BATCH-20260421-041,2026-04-21,Post-Intervention,"6"" 90",77,243.0
BATCH-20260421-041,2026-04-21,Post-Intervention,"6"" 90",78,244.0
BATCH-20260421-041,2026-04-21,Post-Intervention,"6"" 90",79,247.0
BATCH-20260421-041,2026-04-21,Post-Intervention,"6"" 90",80,226.0
BATCH-20260421-041,2026-04-21,Post-Intervention,"6"" 90",81,233.0
BATCH-20260421-041,2026-04-21,Post-Intervention,"6"" 90",82,244.0
BATCH-20260421-041,2026-04-21,Post-Intervention,"6"" 90",83,248.0
BATCH-20260421-041,2026-04-21,Post-Intervention,"6"" 90",84,243.0
BATCH-20260421-041,2026-04-21,Post-Intervention,"6"" 90",85,237.0
BATCH-20260421-041,2026-04-21,Post-Intervention,"6"" 90",86,247.0
BATCH-20260421-041,2026-04-21,Post-Intervention,"6"" 90",87,244.0
BATCH-20260421-041,2026-04-21,Post-Intervention,"6"" 90",88,250.0
BATCH-20260421-041,2026-04-21,Post-Intervention,"6"" 90",89,222.0
BATCH-20260421-041,2026-04-21,Post-Intervention,"6"" 90",90,229.0
BATCH-20260421-041,2026-04-21,Post-Intervention,"6"" 90",91,250.0
BATCH-20260421-041,2026-04-21,Post-Intervention,"6"" 90",92,224.0
BATCH-20260421-041,2026-04-21,Post-Intervention,"6"" 90",93,225.0
BATCH-20260421-041,2026-04-21,Post-Intervention,"6"" 90",94,246.0
BATCH-20260421-041,2026-04-21,Post-Intervention,"6"" 90",95,224.0
BATCH-20260421-041,2026-04-21,Post-Intervention,"6"" 90",96,226.0
BATCH-20260421-041,2026-04-21,Post-Intervention,"6"" 90",97,220.0
BATCH-20260421-041,2026-04-21,Post-Intervention,"6"" 90",98,221.0
BATCH-20260421-041,2026-04-21,Post-Intervention,"6"" 90",99,231.0
BATCH-20260421-041,2026-04-21,Post-Intervention,"6"" 90",100,239.0
BATCH-20260422-042,2026-04-22,Post-Intervention,"6"" 90",1,237.0
BATCH-20260422-042,2026-04-22,Post-Intervention,"6"" 90",2,238.0
BATCH-20260422-042,2026-04-22,Post-Intervention,"6"" 90",3,250.0
BATCH-20260422-042,2026-04-22,Post-Intervention,"6"" 90",4,248.0
BATCH-20260422-042,2026-04-22,Post-Intervention,"6"" 90",5,260.0
BATCH-20260422-042,2026-04-22,Post-Intervention,"6"" 90",6,261.0
BATCH-20260422-042,2026-04-22,Post-Intervention,"6"" 90",7,254.0
BATCH-20260422-042,2026-04-22,Post-Intervention,"6"" 90",8,258.0
BATCH-20260422-042,2026-04-22,Post-Intervention,"6"" 90",9,256.0
BATCH-20260422-042,2026-04-22,Post-Intervention,"6"" 90",10,270.0
BATCH-20260422-042,2026-04-22,Post-Intervention,"6"" 90",11,249.0
BATCH-20260422-042,2026-04-22,Post-Intervention,"6"" 90",12,258.0
BATCH-20260422-042,2026-04-22,Post-Intervention,"6"" 90",13,257.0
BATCH-20260422-042,2026-04-22,Post-Intervention,"6"" 90",14,246.0
BATCH-20260422-042,2026-04-22,Post-Intervention,"6"" 90",15,244.0
BATCH-20260422-042,2026-04-22,Post-Intervention,"6"" 90",16,253.0
BATCH-20260422-042,2026-04-22,Post-Intervention,"6"" 90",17,264.0
BATCH-20260422-042,2026-04-22,Post-Intervention,"6"" 90",18,262.0
BATCH-20260422-042,2026-04-22,Post-Intervention,"6"" 90",19,261.0
BATCH-20260422-042,2026-04-22,Post-Intervention,"6"" 90",20,249.0
BATCH-20260422-042,2026-04-22,Post-Intervention,"6"" 90",21,254.0
BATCH-20260422-042,2026-04-22,Post-Intervention,"6"" 90",22,255.0
BATCH-20260422-042,2026-04-22,Post-Intervention,"6"" 90",23,260.0
BATCH-20260422-042,2026-04-22,Post-Intervention,"6"" 90",24,249.0
BATCH-20260422-042,2026-04-22,Post-Intervention,"6"" 90",25,235.0
BATCH-20260422-042,2026-04-22,Post-Intervention,"6"" 90",26,261.0
BATCH-20260422-042,2026-04-22,Post-Intervention,"6"" 90",27,252.0
BATCH-20260422-042,2026-04-22,Post-Intervention,"6"" 90",28,253.0
BATCH-20260422-042,2026-04-22,Post-Intervention,"6"" 90",29,250.0
BATCH-20260422-042,2026-04-22,Post-Intervention,"6"" 90",30,255.0
BATCH-20260422-042,2026-04-22,Post-Intervention,"6"" 90",31,268.0
BATCH-20260422-042,2026-04-22,Post-Intervention,"6"" 90",32,270.0
BATCH-20260422-042,2026-04-22,Post-Intervention,"6"" 90",33,250.0
BATCH-20260422-042,2026-04-22,Post-Intervention,"6"" 90",34,249.0
BATCH-20260422-042,2026-04-22,Post-Intervention,"6"" 90",35,237.0
BATCH-20260422-042,2026-04-22,Post-Intervention,"6"" 90",36,229.0
BATCH-20260422-042,2026-04-22,Post-Intervention,"6"" 90",37,249.0
BATCH-20260422-042,2026-04-22,Post-Intervention,"6"" 90",38,237.0
BATCH-20260422-042,2026-04-22,Post-Intervention,"6"" 90",39,215.0
BATCH-20260422-042,2026-04-22,Post-Intervention,"6"" 90",40,244.0
BATCH-20260422-042,2026-04-22,Post-Intervention,"6"" 90",41,246.0
BATCH-20260422-042,2026-04-22,Post-Intervention,"6"" 90",42,252.0
BATCH-20260422-042,2026-04-22,Post-Intervention,"6"" 90",43,252.0
BATCH-20260422-042,2026-04-22,Post-Intervention,"6"" 90",44,238.0
BATCH-20260422-042,2026-04-22,Post-Intervention,"6"" 90",45,230.0
BATCH-20260422-042,2026-04-22,Post-Intervention,"6"" 90",46,248.0
BATCH-20260422-042,2026-04-22,Post-Intervention,"6"" 90",47,237.0
BATCH-20260422-042,2026-04-22,Post-Intervention,"6"" 90",48,255.0
BATCH-20260422-042,2026-04-22,Post-Intervention,"6"" 90",49,232.0
BATCH-20260422-042,2026-04-22,Post-Intervention,"6"" 90",50,232.0
BATCH-20260422-042,2026-04-22,Post-Intervention,"6"" 90",51,257.0
BATCH-20260422-042,2026-04-22,Post-Intervention,"6"" 90",52,226.0
BATCH-20260422-042,2026-04-22,Post-Intervention,"6"" 90",53,240.0
BATCH-20260422-042,2026-04-22,Post-Intervention,"6"" 90",54,256.0
BATCH-20260422-042,2026-04-22,Post-Intervention,"6"" 90",55,257.0
BATCH-20260422-042,2026-04-22,Post-Intervention,"6"" 90",56,252.0
BATCH-20260422-042,2026-04-22,Post-Intervention,"6"" 90",57,255.0
BATCH-20260422-042,2026-04-22,Post-Intervention,"6"" 90",58,256.0
BATCH-20260422-042,2026-04-22,Post-Intervention,"6"" 90",59,252.0
BATCH-20260422-042,2026-04-22,Post-Intervention,"6"" 90",60,223.0
BATCH-20260422-042,2026-04-22,Post-Intervention,"6"" 90",61,260.0
BATCH-20260422-042,2026-04-22,Post-Intervention,"6"" 90",62,255.0
BATCH-20260422-042,2026-04-22,Post-Intervention,"6"" 90",63,259.0
BATCH-20260422-042,2026-04-22,Post-Intervention,"6"" 90",64,239.0
BATCH-20260422-042,2026-04-22,Post-Intervention,"6"" 90",65,243.0
BATCH-20260422-042,2026-04-22,Post-Intervention,"6"" 90",66,259.0
BATCH-20260422-042,2026-04-22,Post-Intervention,"6"" 90",67,250.0
BATCH-20260422-042,2026-04-22,Post-Intervention,"6"" 90",68,246.0
BATCH-20260422-042,2026-04-22,Post-Intervention,"6"" 90",69,248.0
BATCH-20260422-042,2026-04-22,Post-Intervention,"6"" 90",70,243.0
BATCH-20260422-042,2026-04-22,Post-Intervention,"6"" 90",71,243.0
BATCH-20260422-042,2026-04-22,Post-Intervention,"6"" 90",72,256.0
BATCH-20260422-042,2026-04-22,Post-Intervention,"6"" 90",73,220.0
BATCH-20260422-042,2026-04-22,Post-Intervention,"6"" 90",74,246.0
BATCH-20260422-042,2026-04-22,Post-Intervention,"6"" 90",75,227.0
BATCH-20260422-042,2026-04-22,Post-Intervention,"6"" 90",76,225.0
BATCH-20260422-042,2026-04-22,Post-Intervention,"6"" 90",77,246.0
BATCH-20260422-042,2026-04-22,Post-Intervention,"6"" 90",78,245.0
BATCH-20260422-042,2026-04-22,Post-Intervention,"6"" 90",79,233.0
BATCH-20260422-042,2026-04-22,Post-Intervention,"6"" 90",80,249.0
BATCH-20260422-042,2026-04-22,Post-Intervention,"6"" 90",81,235.0
BATCH-20260422-042,2026-04-22,Post-Intervention,"6"" 90",82,220.0
BATCH-20260422-042,2026-04-22,Post-Intervention,"6"" 90",83,224.0
BATCH-20260422-042,2026-04-22,Post-Intervention,"6"" 90",84,246.0
BATCH-20260422-042,2026-04-22,Post-Intervention,"6"" 90",85,244.0
BATCH-20260422-042,2026-04-22,Post-Intervention,"6"" 90",86,249.0
BATCH-20260422-042,2026-04-22,Post-Intervention,"6"" 90",87,238.0
BATCH-20260423-043,2026-04-23,Post-Intervention,"6"" 90",1,238.0
BATCH-20260423-043,2026-04-23,Post-Intervention,"6"" 90",2,245.0
BATCH-20260423-043,2026-04-23,Post-Intervention,"6"" 90",3,222.0
BATCH-20260423-043,2026-04-23,Post-Intervention,"6"" 90",4,237.0
BATCH-20260423-043,2026-04-23,Post-Intervention,"6"" 90",5,270.0
BATCH-20260423-043,2026-04-23,Post-Intervention,"6"" 90",6,244.0
BATCH-20260423-043,2026-04-23,Post-Intervention,"6"" 90",7,232.0
BATCH-20260423-043,2026-04-23,Post-Intervention,"6"" 90",8,252.0
BATCH-20260423-043,2026-04-23,Post-Intervention,"6"" 90",9,235.0
BATCH-20260423-043,2026-04-23,Post-Intervention,"6"" 90",10,230.0
BATCH-20260423-043,2026-04-23,Post-Intervention,"6"" 90",11,226.0
BATCH-20260423-043,2026-04-23,Post-Intervention,"6"" 90",12,238.0
BATCH-20260423-043,2026-04-23,Post-Intervention,"6"" 90",13,223.0
BATCH-20260423-043,2026-04-23,Post-Intervention,"6"" 90",14,242.0
BATCH-20260423-043,2026-04-23,Post-Intervention,"6"" 90",15,223.0
BATCH-20260423-043,2026-04-23,Post-Intervention,"6"" 90",16,246.0
BATCH-20260423-043,2026-04-23,Post-Intervention,"6"" 90",17,225.0
BATCH-20260423-043,2026-04-23,Post-Intervention,"6"" 90",18,239.0
BATCH-20260423-043,2026-04-23,Post-Intervention,"6"" 90",19,224.0
BATCH-20260423-043,2026-04-23,Post-Intervention,"6"" 90",20,244.0
BATCH-20260423-043,2026-04-23,Post-Intervention,"6"" 90",21,242.0
BATCH-20260423-043,2026-04-23,Post-Intervention,"6"" 90",22,239.0
BATCH-20260423-043,2026-04-23,Post-Intervention,"6"" 90",23,258.0
BATCH-20260423-043,2026-04-23,Post-Intervention,"6"" 90",24,237.0
BATCH-20260423-043,2026-04-23,Post-Intervention,"6"" 90",25,263.0
BATCH-20260423-043,2026-04-23,Post-Intervention,"6"" 90",26,238.0
BATCH-20260423-043,2026-04-23,Post-Intervention,"6"" 90",27,240.0
BATCH-20260423-043,2026-04-23,Post-Intervention,"6"" 90",28,224.0
BATCH-20260423-043,2026-04-23,Post-Intervention,"6"" 90",29,245.0
BATCH-20260423-043,2026-04-23,Post-Intervention,"6"" 90",30,257.0
BATCH-20260423-043,2026-04-23,Post-Intervention,"6"" 90",31,243.0
BATCH-20260423-043,2026-04-23,Post-Intervention,"6"" 90",32,258.0
BATCH-20260423-043,2026-04-23,Post-Intervention,"6"" 90",33,250.0
BATCH-20260423-043,2026-04-23,Post-Intervention,"6"" 90",34,250.0
BATCH-20260423-043,2026-04-23,Post-Intervention,"6"" 90",35,242.0
BATCH-20260423-043,2026-04-23,Post-Intervention,"6"" 90",36,239.0
BATCH-20260423-043,2026-04-23,Post-Intervention,"6"" 90",37,253.0
BATCH-20260423-043,2026-04-23,Post-Intervention,"6"" 90",38,244.0
BATCH-20260423-043,2026-04-23,Post-Intervention,"6"" 90",39,239.0
BATCH-20260423-043,2026-04-23,Post-Intervention,"6"" 90",40,246.0
BATCH-20260423-043,2026-04-23,Post-Intervention,"6"" 90",41,247.0
BATCH-20260423-043,2026-04-23,Post-Intervention,"6"" 90",42,231.0
BATCH-20260423-043,2026-04-23,Post-Intervention,"6"" 90",43,228.0
BATCH-20260423-043,2026-04-23,Post-Intervention,"6"" 90",44,269.0
BATCH-20260423-043,2026-04-23,Post-Intervention,"6"" 90",45,245.0
BATCH-20260423-043,2026-04-23,Post-Intervention,"6"" 90",46,236.0
BATCH-20260423-043,2026-04-23,Post-Intervention,"6"" 90",47,262.0
BATCH-20260423-043,2026-04-23,Post-Intervention,"6"" 90",48,228.0
BATCH-20260423-043,2026-04-23,Post-Intervention,"6"" 90",49,238.0
BATCH-20260423-043,2026-04-23,Post-Intervention,"6"" 90",50,259.0
BATCH-20260423-043,2026-04-23,Post-Intervention,"6"" 90",51,228.0
BATCH-20260423-043,2026-04-23,Post-Intervention,"6"" 90",52,220.0
BATCH-20260423-043,2026-04-23,Post-Intervention,"6"" 90",53,227.0
BATCH-20260423-043,2026-04-23,Post-Intervention,"6"" 90",54,264.0
BATCH-20260423-043,2026-04-23,Post-Intervention,"6"" 90",55,266.0
BATCH-20260423-043,2026-04-23,Post-Intervention,"6"" 90",56,266.0
BATCH-20260423-043,2026-04-23,Post-Intervention,"6"" 90",57,231.0
BATCH-20260423-043,2026-04-23,Post-Intervention,"6"" 90",58,240.0
BATCH-20260423-043,2026-04-23,Post-Intervention,"6"" 90",59,246.0
BATCH-20260423-043,2026-04-23,Post-Intervention,"6"" 90",60,222.0
BATCH-20260424-044,2026-04-24,Post-Intervention,"6"" 90",1,225.0
BATCH-20260424-044,2026-04-24,Post-Intervention,"6"" 90",2,234.0
BATCH-20260424-044,2026-04-24,Post-Intervention,"6"" 90",3,221.0
BATCH-20260424-044,2026-04-24,Post-Intervention,"6"" 90",4,247.0
BATCH-20260424-044,2026-04-24,Post-Intervention,"6"" 90",5,248.0
BATCH-20260424-044,2026-04-24,Post-Intervention,"6"" 90",6,258.0
BATCH-20260424-044,2026-04-24,Post-Intervention,"6"" 90",7,235.0
BATCH-20260424-044,2026-04-24,Post-Intervention,"6"" 90",8,240.0
BATCH-20260424-044,2026-04-24,Post-Intervention,"6"" 90",9,269.0
BATCH-20260424-044,2026-04-24,Post-Intervention,"6"" 90",10,255.0
BATCH-20260424-044,2026-04-24,Post-Intervention,"6"" 90",11,259.0
BATCH-20260424-044,2026-04-24,Post-Intervention,"6"" 90",12,261.0
BATCH-20260424-044,2026-04-24,Post-Intervention,"6"" 90",13,223.0
BATCH-20260424-044,2026-04-24,Post-Intervention,"6"" 90",14,249.0
BATCH-20260424-044,2026-04-24,Post-Intervention,"6"" 90",15,265.0
BATCH-20260424-044,2026-04-24,Post-Intervention,"6"" 90",16,251.0
BATCH-20260424-044,2026-04-24,Post-Intervention,"6"" 90",17,266.0
BATCH-20260424-044,2026-04-24,Post-Intervention,"6"" 90",18,220.0
BATCH-20260424-044,2026-04-24,Post-Intervention,"6"" 90",19,235.0
BATCH-20260424-044,2026-04-24,Post-Intervention,"6"" 90",20,245.0
BATCH-20260424-044,2026-04-24,Post-Intervention,"6"" 90",21,224.0
BATCH-20260424-044,2026-04-24,Post-Intervention,"6"" 90",22,264.0
BATCH-20260424-044,2026-04-24,Post-Intervention,"6"" 90",23,231.0
BATCH-20260424-044,2026-04-24,Post-Intervention,"6"" 90",24,225.0
BATCH-20260424-044,2026-04-24,Post-Intervention,"6"" 90",25,243.0
BATCH-20260424-044,2026-04-24,Post-Intervention,"6"" 90",26,240.0
BATCH-20260424-044,2026-04-24,Post-Intervention,"6"" 90",27,270.0
BATCH-20260424-044,2026-04-24,Post-Intervention,"6"" 90",28,257.0
BATCH-20260424-044,2026-04-24,Post-Intervention,"6"" 90",29,221.0
BATCH-20260424-044,2026-04-24,Post-Intervention,"6"" 90",30,251.0
BATCH-20260424-044,2026-04-24,Post-Intervention,"6"" 90",31,222.0
BATCH-20260424-044,2026-04-24,Post-Intervention,"6"" 90",32,236.0
BATCH-20260424-044,2026-04-24,Post-Intervention,"6"" 90",33,240.0
BATCH-20260424-044,2026-04-24,Post-Intervention,"6"" 90",34,262.0
BATCH-20260424-044,2026-04-24,Post-Intervention,"6"" 90",35,269.0
BATCH-20260424-044,2026-04-24,Post-Intervention,"6"" 90",36,236.0
BATCH-20260424-044,2026-04-24,Post-Intervention,"6"" 90",37,270.0
BATCH-20260424-044,2026-04-24,Post-Intervention,"6"" 90",38,264.0
BATCH-20260424-044,2026-04-24,Post-Intervention,"6"" 90",39,267.0
BATCH-20260424-044,2026-04-24,Post-Intervention,"6"" 90",40,240.0
BATCH-20260424-044,2026-04-24,Post-Intervention,"6"" 90",41,253.0
BATCH-20260424-044,2026-04-24,Post-Intervention,"6"" 90",42,249.0
BATCH-20260424-044,2026-04-24,Post-Intervention,"6"" 90",43,240.0
BATCH-20260424-044,2026-04-24,Post-Intervention,"6"" 90",44,235.0
BATCH-20260424-044,2026-04-24,Post-Intervention,"6"" 90",45,230.0
BATCH-20260424-044,2026-04-24,Post-Intervention,"6"" 90",46,258.0
BATCH-20260424-044,2026-04-24,Post-Intervention,"6"" 90",47,247.0
BATCH-20260424-044,2026-04-24,Post-Intervention,"6"" 90",48,245.0
BATCH-20260424-044,2026-04-24,Post-Intervention,"6"" 90",49,265.0
BATCH-20260424-044,2026-04-24,Post-Intervention,"6"" 90",50,245.0
BATCH-20260424-044,2026-04-24,Post-Intervention,"6"" 90",51,255.0
BATCH-20260424-044,2026-04-24,Post-Intervention,"6"" 90",52,258.0
BATCH-20260424-044,2026-04-24,Post-Intervention,"6"" 90",53,246.0
BATCH-20260424-044,2026-04-24,Post-Intervention,"6"" 90",54,230.0
BATCH-20260424-044,2026-04-24,Post-Intervention,"6"" 90",55,227.0
BATCH-20260424-044,2026-04-24,Post-Intervention,"6"" 90",56,246.0
BATCH-20260424-044,2026-04-24,Post-Intervention,"6"" 90",57,248.0
BATCH-20260424-044,2026-04-24,Post-Intervention,"6"" 90",58,224.0
BATCH-20260424-044,2026-04-24,Post-Intervention,"6"" 90",59,254.0
BATCH-20260425-045,2026-04-25,Post-Intervention,"6"" 90",1,231.0
BATCH-20260425-045,2026-04-25,Post-Intervention,"6"" 90",2,265.0
BATCH-20260425-045,2026-04-25,Post-Intervention,"6"" 90",3,245.0
BATCH-20260425-045,2026-04-25,Post-Intervention,"6"" 90",4,261.0
BATCH-20260425-045,2026-04-25,Post-Intervention,"6"" 90",5,231.0
BATCH-20260425-045,2026-04-25,Post-Intervention,"6"" 90",6,236.0
BATCH-20260425-045,2026-04-25,Post-Intervention,"6"" 90",7,233.0
BATCH-20260425-045,2026-04-25,Post-Intervention,"6"" 90",8,235.0
BATCH-20260425-045,2026-04-25,Post-Intervention,"6"" 90",9,236.0
BATCH-20260414-046,2026-04-14,Post-Intervention,"6"" 90",1,249.0
BATCH-20260414-046,2026-04-14,Post-Intervention,"6"" 90",2,249.0
BATCH-20260414-046,2026-04-14,Post-Intervention,"6"" 90",3,251.0
BATCH-20260414-046,2026-04-14,Post-Intervention,"6"" 90",4,264.0
BATCH-20260414-046,2026-04-14,Post-Intervention,"6"" 90",5,253.0
BATCH-20260414-046,2026-04-14,Post-Intervention,"6"" 90",6,259.0
BATCH-20260414-046,2026-04-14,Post-Intervention,"6"" 90",7,239.0
BATCH-20260414-046,2026-04-14,Post-Intervention,"6"" 90",8,238.0
BATCH-20260414-046,2026-04-14,Post-Intervention,"6"" 90",9,255.0
BATCH-20260414-046,2026-04-14,Post-Intervention,"6"" 90",10,239.0
BATCH-20260414-046,2026-04-14,Post-Intervention,"6"" 90",11,249.0
BATCH-20260414-046,2026-04-14,Post-Intervention,"6"" 90",12,252.0
BATCH-20260414-046,2026-04-14,Post-Intervention,"6"" 90",13,266.0
BATCH-20260414-046,2026-04-14,Post-Intervention,"6"" 90",14,257.0
BATCH-20260414-046,2026-04-14,Post-Intervention,"6"" 90",15,241.0
BATCH-20260414-046,2026-04-14,Post-Intervention,"6"" 90",16,261.0
BATCH-20260414-046,2026-04-14,Post-Intervention,"6"" 90",17,269.0
BATCH-20260414-046,2026-04-14,Post-Intervention,"6"" 90",18,249.0
BATCH-20260414-046,2026-04-14,Post-Intervention,"6"" 90",19,264.0
BATCH-20260414-046,2026-04-14,Post-Intervention,"6"" 90",20,244.0
BATCH-20260414-046,2026-04-14,Post-Intervention,"6"" 90",21,249.0
BATCH-20260414-046,2026-04-14,Post-Intervention,"6"" 90",22,237.0
BATCH-20260414-046,2026-04-14,Post-Intervention,"6"" 90",23,244.0
BATCH-20260414-046,2026-04-14,Post-Intervention,"6"" 90",24,240.0
BATCH-20260414-046,2026-04-14,Post-Intervention,"6"" 90",25,245.0
BATCH-20260414-046,2026-04-14,Post-Intervention,"6"" 90",26,245.0
BATCH-20260414-046,2026-04-14,Post-Intervention,"6"" 90",27,240.0
BATCH-20260414-046,2026-04-14,Post-Intervention,"6"" 90",28,267.0
BATCH-20260414-046,2026-04-14,Post-Intervention,"6"" 90",29,242.0
BATCH-20260414-046,2026-04-14,Post-Intervention,"6"" 90",30,257.0
BATCH-20260414-046,2026-04-14,Post-Intervention,"6"" 90",31,235.0
BATCH-20260414-046,2026-04-14,Post-Intervention,"6"" 90",32,252.0
BATCH-20260414-046,2026-04-14,Post-Intervention,"6"" 90",33,245.0
BATCH-20260414-046,2026-04-14,Post-Intervention,"6"" 90",34,235.0
BATCH-20260414-046,2026-04-14,Post-Intervention,"6"" 90",35,251.0
BATCH-20260414-046,2026-04-14,Post-Intervention,"6"" 90",36,244.0
BATCH-20260414-046,2026-04-14,Post-Intervention,"6"" 90",37,229.0
BATCH-20260414-046,2026-04-14,Post-Intervention,"6"" 90",38,232.0
BATCH-20260414-046,2026-04-14,Post-Intervention,"6"" 90",39,227.0
BATCH-20260414-046,2026-04-14,Post-Intervention,"6"" 90",40,219.0
BATCH-20260414-046,2026-04-14,Post-Intervention,"6"" 90",41,222.0
BATCH-20260414-046,2026-04-14,Post-Intervention,"6"" 90",42,240.0
BATCH-20260414-046,2026-04-14,Post-Intervention,"6"" 90",43,228.0
BATCH-20260414-046,2026-04-14,Post-Intervention,"6"" 90",44,260.0
BATCH-20260414-046,2026-04-14,Post-Intervention,"6"" 90",45,256.0
BATCH-20260414-046,2026-04-14,Post-Intervention,"6"" 90",46,219.0
BATCH-20260414-046,2026-04-14,Post-Intervention,"6"" 90",47,219.0
BATCH-20260414-046,2026-04-14,Post-Intervention,"6"" 90",48,256.0
BATCH-20260414-046,2026-04-14,Post-Intervention,"6"" 90",49,255.0
BATCH-20260414-046,2026-04-14,Post-Intervention,"6"" 90",50,229.0
BATCH-20260414-046,2026-04-14,Post-Intervention,"6"" 90",51,253.0
BATCH-20260414-046,2026-04-14,Post-Intervention,"6"" 90",52,250.0
BATCH-20260414-046,2026-04-14,Post-Intervention,"6"" 90",53,216.0
BATCH-20260414-046,2026-04-14,Post-Intervention,"6"" 90",54,245.0
BATCH-20260414-046,2026-04-14,Post-Intervention,"6"" 90",55,255.0
BATCH-20260414-046,2026-04-14,Post-Intervention,"6"" 90",56,250.0
BATCH-20260414-046,2026-04-14,Post-Intervention,"6"" 90",57,226.0
BATCH-20260414-046,2026-04-14,Post-Intervention,"6"" 90",58,233.0
BATCH-20260414-046,2026-04-14,Post-Intervention,"6"" 90",59,246.0
BATCH-20260414-046,2026-04-14,Post-Intervention,"6"" 90",60,253.0
BATCH-20260414-046,2026-04-14,Post-Intervention,"6"" 90",61,246.0
BATCH-20260414-046,2026-04-14,Post-Intervention,"6"" 90",62,241.0
BATCH-20260414-046,2026-04-14,Post-Intervention,"6"" 90",63,255.0
BATCH-20260414-046,2026-04-14,Post-Intervention,"6"" 90",64,249.0
BATCH-20260414-046,2026-04-14,Post-Intervention,"6"" 90",65,246.0
BATCH-20260414-046,2026-04-14,Post-Intervention,"6"" 90",66,257.0
BATCH-20260414-046,2026-04-14,Post-Intervention,"6"" 90",67,251.0
BATCH-20260414-046,2026-04-14,Post-Intervention,"6"" 90",68,235.0
BATCH-20260414-046,2026-04-14,Post-Intervention,"6"" 90",69,254.0
BATCH-20260414-046,2026-04-14,Post-Intervention,"6"" 90",70,235.0
BATCH-20260414-046,2026-04-14,Post-Intervention,"6"" 90",71,236.0
BATCH-20260414-046,2026-04-14,Post-Intervention,"6"" 90",72,259.0
BATCH-20260414-046,2026-04-14,Post-Intervention,"6"" 90",73,225.0
BATCH-20260414-046,2026-04-14,Post-Intervention,"6"" 90",74,241.0
BATCH-20260414-046,2026-04-14,Post-Intervention,"6"" 90",75,246.0
BATCH-20260414-046,2026-04-14,Post-Intervention,"6"" 90",76,225.0
BATCH-20260414-046,2026-04-14,Post-Intervention,"6"" 90",77,250.0
BATCH-20260414-046,2026-04-14,Post-Intervention,"6"" 90",78,250.0
BATCH-20260414-046,2026-04-14,Post-Intervention,"6"" 90",79,239.0
BATCH-20260414-046,2026-04-14,Post-Intervention,"6"" 90",80,249.0
BATCH-20260414-046,2026-04-14,Post-Intervention,"6"" 90",81,248.0
BATCH-20260414-046,2026-04-14,Post-Intervention,"6"" 90",82,240.0
BATCH-20260414-046,2026-04-14,Post-Intervention,"6"" 90",83,239.0
BATCH-20260414-046,2026-04-14,Post-Intervention,"6"" 90",84,242.0
BATCH-20260414-046,2026-04-14,Post-Intervention,"6"" 90",85,250.0
BATCH-20260414-046,2026-04-14,Post-Intervention,"6"" 90",86,245.0
BATCH-20260414-046,2026-04-14,Post-Intervention,"6"" 90",87,222.0
BATCH-20260414-046,2026-04-14,Post-Intervention,"6"" 90",88,233.0
BATCH-20260414-046,2026-04-14,Post-Intervention,"6"" 90",89,248.0
BATCH-20260414-046,2026-04-14,Post-Intervention,"6"" 90",90,235.0
BATCH-20260414-046,2026-04-14,Post-Intervention,"6"" 90",91,246.0
BATCH-20260414-046,2026-04-14,Post-Intervention,"6"" 90",92,237.0
BATCH-20260414-046,2026-04-14,Post-Intervention,"6"" 90",93,235.0
BATCH-20260414-046,2026-04-14,Post-Intervention,"6"" 90",94,238.0
BATCH-20260427-047,2026-04-27,Post-Intervention,"6"" 90",1,246.0
BATCH-20260427-047,2026-04-27,Post-Intervention,"6"" 90",2,249.0
BATCH-20260427-047,2026-04-27,Post-Intervention,"6"" 90",3,236.0
BATCH-20260427-047,2026-04-27,Post-Intervention,"6"" 90",4,257.0
BATCH-20260427-047,2026-04-27,Post-Intervention,"6"" 90",5,270.0
BATCH-20260427-047,2026-04-27,Post-Intervention,"6"" 90",6,259.0
BATCH-20260427-047,2026-04-27,Post-Intervention,"6"" 90",7,247.0
BATCH-20260427-047,2026-04-27,Post-Intervention,"6"" 90",8,267.0
BATCH-20260427-047,2026-04-27,Post-Intervention,"6"" 90",9,267.0
BATCH-20260427-047,2026-04-27,Post-Intervention,"6"" 90",10,239.0
BATCH-20260427-047,2026-04-27,Post-Intervention,"6"" 90",11,237.0
BATCH-20260427-047,2026-04-27,Post-Intervention,"6"" 90",12,246.0
BATCH-20260427-047,2026-04-27,Post-Intervention,"6"" 90",13,256.0
BATCH-20260427-047,2026-04-27,Post-Intervention,"6"" 90",14,258.0
BATCH-20260427-047,2026-04-27,Post-Intervention,"6"" 90",15,258.0
BATCH-20260427-047,2026-04-27,Post-Intervention,"6"" 90",16,257.0
BATCH-20260427-047,2026-04-27,Post-Intervention,"6"" 90",17,265.0
BATCH-20260427-047,2026-04-27,Post-Intervention,"6"" 90",18,241.0
BATCH-20260427-047,2026-04-27,Post-Intervention,"6"" 90",19,251.0
BATCH-20260427-047,2026-04-27,Post-Intervention,"6"" 90",20,237.0
BATCH-20260427-047,2026-04-27,Post-Intervention,"6"" 90",21,257.0
BATCH-20260427-047,2026-04-27,Post-Intervention,"6"" 90",22,247.0
BATCH-20260427-047,2026-04-27,Post-Intervention,"6"" 90",23,243.0
BATCH-20260427-047,2026-04-27,Post-Intervention,"6"" 90",24,269.0
BATCH-20260427-047,2026-04-27,Post-Intervention,"6"" 90",25,235.0
BATCH-20260427-047,2026-04-27,Post-Intervention,"6"" 90",26,270.0
BATCH-20260427-047,2026-04-27,Post-Intervention,"6"" 90",27,258.0
BATCH-20260427-047,2026-04-27,Post-Intervention,"6"" 90",28,246.0
BATCH-20260427-047,2026-04-27,Post-Intervention,"6"" 90",29,235.0
BATCH-20260427-047,2026-04-27,Post-Intervention,"6"" 90",30,242.0
BATCH-20260427-047,2026-04-27,Post-Intervention,"6"" 90",31,246.0
BATCH-20260427-047,2026-04-27,Post-Intervention,"6"" 90",32,243.0
BATCH-20260427-047,2026-04-27,Post-Intervention,"6"" 90",33,249.0
BATCH-20260427-047,2026-04-27,Post-Intervention,"6"" 90",34,260.0
BATCH-20260427-047,2026-04-27,Post-Intervention,"6"" 90",35,215.0
BATCH-20260427-047,2026-04-27,Post-Intervention,"6"" 90",36,223.0
BATCH-20260427-047,2026-04-27,Post-Intervention,"6"" 90",37,228.0
BATCH-20260427-047,2026-04-27,Post-Intervention,"6"" 90",38,229.0
BATCH-20260427-047,2026-04-27,Post-Intervention,"6"" 90",39,239.0
BATCH-20260427-047,2026-04-27,Post-Intervention,"6"" 90",40,252.0
BATCH-20260427-047,2026-04-27,Post-Intervention,"6"" 90",41,260.0
BATCH-20260427-047,2026-04-27,Post-Intervention,"6"" 90",42,248.0
BATCH-20260427-047,2026-04-27,Post-Intervention,"6"" 90",43,253.0
BATCH-20260427-047,2026-04-27,Post-Intervention,"6"" 90",44,241.0
BATCH-20260427-047,2026-04-27,Post-Intervention,"6"" 90",45,259.0
BATCH-20260427-047,2026-04-27,Post-Intervention,"6"" 90",46,217.0
BATCH-20260427-047,2026-04-27,Post-Intervention,"6"" 90",47,242.0
BATCH-20260427-047,2026-04-27,Post-Intervention,"6"" 90",48,241.0
BATCH-20260427-047,2026-04-27,Post-Intervention,"6"" 90",49,242.0
BATCH-20260427-047,2026-04-27,Post-Intervention,"6"" 90",50,260.0
BATCH-20260427-047,2026-04-27,Post-Intervention,"6"" 90",51,249.0
BATCH-20260427-047,2026-04-27,Post-Intervention,"6"" 90",52,225.0
BATCH-20260427-047,2026-04-27,Post-Intervention,"6"" 90",53,244.0
BATCH-20260427-047,2026-04-27,Post-Intervention,"6"" 90",54,232.0
BATCH-20260427-047,2026-04-27,Post-Intervention,"6"" 90",55,221.0
BATCH-20260427-047,2026-04-27,Post-Intervention,"6"" 90",56,236.0
BATCH-20260427-047,2026-04-27,Post-Intervention,"6"" 90",57,242.0
BATCH-20260427-047,2026-04-27,Post-Intervention,"6"" 90",58,219.0
BATCH-20260427-047,2026-04-27,Post-Intervention,"6"" 90",59,223.0
BATCH-20260427-047,2026-04-27,Post-Intervention,"6"" 90",60,227.0
BATCH-20260427-047,2026-04-27,Post-Intervention,"6"" 90",61,254.0
BATCH-20260427-047,2026-04-27,Post-Intervention,"6"" 90",62,235.0
BATCH-20260427-047,2026-04-27,Post-Intervention,"6"" 90",63,247.0
BATCH-20260427-047,2026-04-27,Post-Intervention,"6"" 90",64,253.0
BATCH-20260427-047,2026-04-27,Post-Intervention,"6"" 90",65,243.0
BATCH-20260427-047,2026-04-27,Post-Intervention,"6"" 90",66,253.0
BATCH-20260427-047,2026-04-27,Post-Intervention,"6"" 90",67,243.0
BATCH-20260427-047,2026-04-27,Post-Intervention,"6"" 90",68,255.0
BATCH-20260427-047,2026-04-27,Post-Intervention,"6"" 90",69,247.0
BATCH-20260427-047,2026-04-27,Post-Intervention,"6"" 90",70,251.0
BATCH-20260427-047,2026-04-27,Post-Intervention,"6"" 90",71,248.0
BATCH-20260427-047,2026-04-27,Post-Intervention,"6"" 90",72,254.0
BATCH-20260427-047,2026-04-27,Post-Intervention,"6"" 90",73,234.0
BATCH-20260427-047,2026-04-27,Post-Intervention,"6"" 90",74,243.0
BATCH-20260427-047,2026-04-27,Post-Intervention,"6"" 90",75,247.0
BATCH-20260427-047,2026-04-27,Post-Intervention,"6"" 90",76,243.0
BATCH-20260427-047,2026-04-27,Post-Intervention,"6"" 90",77,230.0
BATCH-20260427-047,2026-04-27,Post-Intervention,"6"" 90",78,226.0
BATCH-20260427-047,2026-04-27,Post-Intervention,"6"" 90",79,240.0
BATCH-20260427-047,2026-04-27,Post-Intervention,"6"" 90",80,242.0
BATCH-20260427-047,2026-04-27,Post-Intervention,"6"" 90",81,240.0
BATCH-20260427-047,2026-04-27,Post-Intervention,"6"" 90",82,233.0
BATCH-20260427-047,2026-04-27,Post-Intervention,"6"" 90",83,234.0
BATCH-20260427-047,2026-04-27,Post-Intervention,"6"" 90",84,237.0
BATCH-20260427-047,2026-04-27,Post-Intervention,"6"" 90",85,233.0
BATCH-20260427-047,2026-04-27,Post-Intervention,"6"" 90",86,235.0
BATCH-20260427-047,2026-04-27,Post-Intervention,"6"" 90",87,226.0
BATCH-20260427-047,2026-04-27,Post-Intervention,"6"" 90",88,244.0
BATCH-20260427-047,2026-04-27,Post-Intervention,"6"" 90",89,227.0
BATCH-20260427-047,2026-04-27,Post-Intervention,"6"" 90",90,246.0
BATCH-20260427-047,2026-04-27,Post-Intervention,"6"" 90",91,221.0
BATCH-20260427-047,2026-04-27,Post-Intervention,"6"" 90",92,232.0
BATCH-20260427-047,2026-04-27,Post-Intervention,"6"" 90",93,223.0
BATCH-20260427-047,2026-04-27,Post-Intervention,"6"" 90",94,247.0
BATCH-20260427-047,2026-04-27,Post-Intervention,"6"" 90",95,245.0
BATCH-20260427-047,2026-04-27,Post-Intervention,"6"" 90",96,236.0
BATCH-20260427-047,2026-04-27,Post-Intervention,"6"" 90",97,233.0
BATCH-20260427-047,2026-04-27,Post-Intervention,"6"" 90",98,235.0
BATCH-20260427-047,2026-04-27,Post-Intervention,"6"" 90",99,243.0
BATCH-20260428-048,2026-04-28,Post-Intervention,"6"" 90",1,223.0
BATCH-20260428-048,2026-04-28,Post-Intervention,"6"" 90",2,235.0
BATCH-20260428-048,2026-04-28,Post-Intervention,"6"" 90",3,257.0
BATCH-20260428-048,2026-04-28,Post-Intervention,"6"" 90",4,239.0
BATCH-20260428-048,2026-04-28,Post-Intervention,"6"" 90",5,270.0
BATCH-20260428-048,2026-04-28,Post-Intervention,"6"" 90",6,240.0
BATCH-20260428-048,2026-04-28,Post-Intervention,"6"" 90",7,226.0
BATCH-20260428-048,2026-04-28,Post-Intervention,"6"" 90",8,243.0
BATCH-20260428-048,2026-04-28,Post-Intervention,"6"" 90",9,237.0
BATCH-20260428-048,2026-04-28,Post-Intervention,"6"" 90",10,242.0
BATCH-20260428-048,2026-04-28,Post-Intervention,"6"" 90",11,228.0
BATCH-20260428-048,2026-04-28,Post-Intervention,"6"" 90",12,225.0
BATCH-20260428-048,2026-04-28,Post-Intervention,"6"" 90",13,238.0
BATCH-20260428-048,2026-04-28,Post-Intervention,"6"" 90",14,266.0
BATCH-20260428-048,2026-04-28,Post-Intervention,"6"" 90",15,263.0
BATCH-20260428-048,2026-04-28,Post-Intervention,"6"" 90",16,241.0
BATCH-20260428-048,2026-04-28,Post-Intervention,"6"" 90",17,247.0
BATCH-20260428-048,2026-04-28,Post-Intervention,"6"" 90",18,229.0
BATCH-20260428-048,2026-04-28,Post-Intervention,"6"" 90",19,262.0
BATCH-20260428-048,2026-04-28,Post-Intervention,"6"" 90",20,227.0
BATCH-20260428-048,2026-04-28,Post-Intervention,"6"" 90",21,266.0
BATCH-20260428-048,2026-04-28,Post-Intervention,"6"" 90",22,228.0
BATCH-20260428-048,2026-04-28,Post-Intervention,"6"" 90",23,244.0
BATCH-20260428-048,2026-04-28,Post-Intervention,"6"" 90",24,225.0
BATCH-20260428-048,2026-04-28,Post-Intervention,"6"" 90",25,249.0
BATCH-20260428-048,2026-04-28,Post-Intervention,"6"" 90",26,255.0
BATCH-20260428-048,2026-04-28,Post-Intervention,"6"" 90",27,232.0
BATCH-20260428-048,2026-04-28,Post-Intervention,"6"" 90",28,238.0
BATCH-20260428-048,2026-04-28,Post-Intervention,"6"" 90",29,230.0
BATCH-20260428-048,2026-04-28,Post-Intervention,"6"" 90",30,268.0
BATCH-20260428-048,2026-04-28,Post-Intervention,"6"" 90",31,244.0
BATCH-20260428-048,2026-04-28,Post-Intervention,"6"" 90",32,266.0
BATCH-20260428-048,2026-04-28,Post-Intervention,"6"" 90",33,228.0
BATCH-20260428-048,2026-04-28,Post-Intervention,"6"" 90",34,221.0
BATCH-20260428-048,2026-04-28,Post-Intervention,"6"" 90",35,268.0
BATCH-20260428-048,2026-04-28,Post-Intervention,"6"" 90",36,258.0
BATCH-20260428-048,2026-04-28,Post-Intervention,"6"" 90",37,243.0
BATCH-20260428-048,2026-04-28,Post-Intervention,"6"" 90",38,246.0
BATCH-20260428-048,2026-04-28,Post-Intervention,"6"" 90",39,253.0
BATCH-20260428-048,2026-04-28,Post-Intervention,"6"" 90",40,265.0
BATCH-20260428-048,2026-04-28,Post-Intervention,"6"" 90",41,236.0
BATCH-20260428-048,2026-04-28,Post-Intervention,"6"" 90",42,234.0
BATCH-20260428-048,2026-04-28,Post-Intervention,"6"" 90",43,249.0
BATCH-20260428-048,2026-04-28,Post-Intervention,"6"" 90",44,261.0
BATCH-20260428-048,2026-04-28,Post-Intervention,"6"" 90",45,254.0
BATCH-20260428-048,2026-04-28,Post-Intervention,"6"" 90",46,231.0
BATCH-20260428-048,2026-04-28,Post-Intervention,"6"" 90",47,224.0
BATCH-20260428-048,2026-04-28,Post-Intervention,"6"" 90",48,239.0
BATCH-20260428-048,2026-04-28,Post-Intervention,"6"" 90",49,265.0
BATCH-20260428-048,2026-04-28,Post-Intervention,"6"" 90",50,233.0
BATCH-20260428-048,2026-04-28,Post-Intervention,"6"" 90",51,233.0
BATCH-20260428-048,2026-04-28,Post-Intervention,"6"" 90",52,229.0
BATCH-20260428-048,2026-04-28,Post-Intervention,"6"" 90",53,220.0
BATCH-20260428-048,2026-04-28,Post-Intervention,"6"" 90",54,239.0
BATCH-20260428-048,2026-04-28,Post-Intervention,"6"" 90",55,269.0
BATCH-20260428-048,2026-04-28,Post-Intervention,"6"" 90",56,267.0
BATCH-20260428-048,2026-04-28,Post-Intervention,"6"" 90",57,230.0
BATCH-20260428-048,2026-04-28,Post-Intervention,"6"" 90",58,265.0
BATCH-20260428-048,2026-04-28,Post-Intervention,"6"" 90",59,255.0
BATCH-20260428-048,2026-04-28,Post-Intervention,"6"" 90",60,250.0
BATCH-20260428-048,2026-04-28,Post-Intervention,"6"" 90",61,225.0
BATCH-20260428-048,2026-04-28,Post-Intervention,"6"" 90",62,230.0
BATCH-20260429-049,2026-04-29,Post-Intervention,"6"" 90",1,247.0
BATCH-20260429-049,2026-04-29,Post-Intervention,"6"" 90",2,244.0
BATCH-20260429-049,2026-04-29,Post-Intervention,"6"" 90",3,236.0
BATCH-20260429-049,2026-04-29,Post-Intervention,"6"" 90",4,259.0
BATCH-20260429-049,2026-04-29,Post-Intervention,"6"" 90",5,255.0
BATCH-20260429-049,2026-04-29,Post-Intervention,"6"" 90",6,261.0
BATCH-20260429-049,2026-04-29,Post-Intervention,"6"" 90",7,249.0
BATCH-20260429-049,2026-04-29,Post-Intervention,"6"" 90",8,221.0
BATCH-20260429-049,2026-04-29,Post-Intervention,"6"" 90",9,225.0
BATCH-20260429-049,2026-04-29,Post-Intervention,"6"" 90",10,255.0
BATCH-20260429-049,2026-04-29,Post-Intervention,"6"" 90",11,258.0
BATCH-20260429-049,2026-04-29,Post-Intervention,"6"" 90",12,222.0
BATCH-20260429-049,2026-04-29,Post-Intervention,"6"" 90",13,265.0
BATCH-20260429-049,2026-04-29,Post-Intervention,"6"" 90",14,250.0
BATCH-20260429-049,2026-04-29,Post-Intervention,"6"" 90",15,252.0
BATCH-20260429-049,2026-04-29,Post-Intervention,"6"" 90",16,235.0
BATCH-20260429-049,2026-04-29,Post-Intervention,"6"" 90",17,260.0
BATCH-20260429-049,2026-04-29,Post-Intervention,"6"" 90",18,240.0
BATCH-20260429-049,2026-04-29,Post-Intervention,"6"" 90",19,270.0
BATCH-20260429-049,2026-04-29,Post-Intervention,"6"" 90",20,237.0
BATCH-20260429-049,2026-04-29,Post-Intervention,"6"" 90",21,225.0
BATCH-20260429-049,2026-04-29,Post-Intervention,"6"" 90",22,246.0
BATCH-20260429-049,2026-04-29,Post-Intervention,"6"" 90",23,222.0
BATCH-20260429-049,2026-04-29,Post-Intervention,"6"" 90",24,229.0
BATCH-20260429-049,2026-04-29,Post-Intervention,"6"" 90",25,223.0
BATCH-20260429-049,2026-04-29,Post-Intervention,"6"" 90",26,266.0
BATCH-20260429-049,2026-04-29,Post-Intervention,"6"" 90",27,244.0
BATCH-20260429-049,2026-04-29,Post-Intervention,"6"" 90",28,229.0
BATCH-20260429-049,2026-04-29,Post-Intervention,"6"" 90",29,256.0
BATCH-20260429-049,2026-04-29,Post-Intervention,"6"" 90",30,228.0
BATCH-20260429-049,2026-04-29,Post-Intervention,"6"" 90",31,267.0
BATCH-20260429-049,2026-04-29,Post-Intervention,"6"" 90",32,221.0
BATCH-20260429-049,2026-04-29,Post-Intervention,"6"" 90",33,244.0
BATCH-20260429-049,2026-04-29,Post-Intervention,"6"" 90",34,265.0
BATCH-20260429-049,2026-04-29,Post-Intervention,"6"" 90",35,257.0
BATCH-20260429-049,2026-04-29,Post-Intervention,"6"" 90",36,266.0
BATCH-20260429-049,2026-04-29,Post-Intervention,"6"" 90",37,258.0
BATCH-20260429-049,2026-04-29,Post-Intervention,"6"" 90",38,247.0
BATCH-20260429-049,2026-04-29,Post-Intervention,"6"" 90",39,238.0
BATCH-20260429-049,2026-04-29,Post-Intervention,"6"" 90",40,256.0
BATCH-20260429-049,2026-04-29,Post-Intervention,"6"" 90",41,228.0
BATCH-20260429-049,2026-04-29,Post-Intervention,"6"" 90",42,230.0
BATCH-20260429-049,2026-04-29,Post-Intervention,"6"" 90",43,237.0
BATCH-20260429-049,2026-04-29,Post-Intervention,"6"" 90",44,237.0
BATCH-20260429-049,2026-04-29,Post-Intervention,"6"" 90",45,233.0
BATCH-20260429-049,2026-04-29,Post-Intervention,"6"" 90",46,263.0
BATCH-20260429-049,2026-04-29,Post-Intervention,"6"" 90",47,234.0
BATCH-20260429-049,2026-04-29,Post-Intervention,"6"" 90",48,220.0
BATCH-20260429-049,2026-04-29,Post-Intervention,"6"" 90",49,234.0
BATCH-20260429-049,2026-04-29,Post-Intervention,"6"" 90",50,226.0
BATCH-20260429-049,2026-04-29,Post-Intervention,"6"" 90",51,232.0
BATCH-20260429-049,2026-04-29,Post-Intervention,"6"" 90",52,222.0
BATCH-20260429-049,2026-04-29,Post-Intervention,"6"" 90",53,232.0
BATCH-20260429-049,2026-04-29,Post-Intervention,"6"" 90",54,247.0
BATCH-20260429-049,2026-04-29,Post-Intervention,"6"" 90",55,270.0
BATCH-20260429-049,2026-04-29,Post-Intervention,"6"" 90",56,261.0
BATCH-20260429-049,2026-04-29,Post-Intervention,"6"" 90",57,233.0
BATCH-20260429-049,2026-04-29,Post-Intervention,"6"" 90",58,243.0
BATCH-20260429-049,2026-04-29,Post-Intervention,"6"" 90",59,262.0
BATCH-20260429-049,2026-04-29,Post-Intervention,"6"" 90",60,238.0
BATCH-20260430-050,2026-04-30,Post-Intervention,"6"" 90",1,270.0
BATCH-20260430-050,2026-04-30,Post-Intervention,"6"" 90",2,264.0
BATCH-20260430-050,2026-04-30,Post-Intervention,"6"" 90",3,252.0
BATCH-20260430-050,2026-04-30,Post-Intervention,"6"" 90",4,262.0
BATCH-20260430-050,2026-04-30,Post-Intervention,"6"" 90",5,236.0
BATCH-20260430-050,2026-04-30,Post-Intervention,"6"" 90",6,267.0
BATCH-20260430-050,2026-04-30,Post-Intervention,"6"" 90",7,233.0
BATCH-20260430-050,2026-04-30,Post-Intervention,"6"" 90",8,258.0
BATCH-20260430-050,2026-04-30,Post-Intervention,"6"" 90",9,251.0
BATCH-20260430-050,2026-04-30,Post-Intervention,"6"" 90",10,245.0
BATCH-20260430-050,2026-04-30,Post-Intervention,"6"" 90",11,259.0
BATCH-20260430-050,2026-04-30,Post-Intervention,"6"" 90",12,240.0
BATCH-20260430-050,2026-04-30,Post-Intervention,"6"" 90",13,232.0
BATCH-20260430-050,2026-04-30,Post-Intervention,"6"" 90",14,265.0
BATCH-20260430-050,2026-04-30,Post-Intervention,"6"" 90",15,263.0
BATCH-20260430-050,2026-04-30,Post-Intervention,"6"" 90",16,248.0
BATCH-20260430-050,2026-04-30,Post-Intervention,"6"" 90",17,227.0
BATCH-20260430-050,2026-04-30,Post-Intervention,"6"" 90",18,251.0
BATCH-20260430-050,2026-04-30,Post-Intervention,"6"" 90",19,229.0
BATCH-20260430-050,2026-04-30,Post-Intervention,"6"" 90",20,269.0
BATCH-20260430-050,2026-04-30,Post-Intervention,"6"" 90",21,246.0
BATCH-20260430-050,2026-04-30,Post-Intervention,"6"" 90",22,230.0
BATCH-20260430-050,2026-04-30,Post-Intervention,"6"" 90",23,234.0
BATCH-20260430-050,2026-04-30,Post-Intervention,"6"" 90",24,252.0
BATCH-20260430-050,2026-04-30,Post-Intervention,"6"" 90",25,234.0
BATCH-20260430-050,2026-04-30,Post-Intervention,"6"" 90",26,252.0
BATCH-20260430-050,2026-04-30,Post-Intervention,"6"" 90",27,230.0
BATCH-20260430-050,2026-04-30,Post-Intervention,"6"" 90",28,265.0
BATCH-20260430-050,2026-04-30,Post-Intervention,"6"" 90",29,247.0
BATCH-20260430-050,2026-04-30,Post-Intervention,"6"" 90",30,222.0
BATCH-20260430-050,2026-04-30,Post-Intervention,"6"" 90",31,254.0
BATCH-20260430-050,2026-04-30,Post-Intervention,"6"" 90",32,236.0
BATCH-20260430-050,2026-04-30,Post-Intervention,"6"" 90",33,220.0
BATCH-20260430-050,2026-04-30,Post-Intervention,"6"" 90",34,245.0
BATCH-20260430-050,2026-04-30,Post-Intervention,"6"" 90",35,231.0
BATCH-20260430-050,2026-04-30,Post-Intervention,"6"" 90",36,232.0
BATCH-20260430-050,2026-04-30,Post-Intervention,"6"" 90",37,226.0
BATCH-20260430-050,2026-04-30,Post-Intervention,"6"" 90",38,224.0
BATCH-20260430-050,2026-04-30,Post-Intervention,"6"" 90",39,226.0
BATCH-20260430-050,2026-04-30,Post-Intervention,"6"" 90",40,249.0
BATCH-20260430-050,2026-04-30,Post-Intervention,"6"" 90",41,244.0
BATCH-20260430-050,2026-04-30,Post-Intervention,"6"" 90",42,261.0
BATCH-20260430-050,2026-04-30,Post-Intervention,"6"" 90",43,270.0
BATCH-20260430-050,2026-04-30,Post-Intervention,"6"" 90",44,250.0
BATCH-20260430-050,2026-04-30,Post-Intervention,"6"" 90",45,235.0
BATCH-20260430-050,2026-04-30,Post-Intervention,"6"" 90",46,230.0
BATCH-20260430-050,2026-04-30,Post-Intervention,"6"" 90",47,227.0
BATCH-20260430-050,2026-04-30,Post-Intervention,"6"" 90",48,231.0
BATCH-20260430-050,2026-04-30,Post-Intervention,"6"" 90",49,228.0
BATCH-20260430-050,2026-04-30,Post-Intervention,"6"" 90",50,259.0
BATCH-20260430-050,2026-04-30,Post-Intervention,"6"" 90",51,234.0
BATCH-20260430-050,2026-04-30,Post-Intervention,"6"" 90",52,270.0
BATCH-20260430-050,2026-04-30,Post-Intervention,"6"" 90",53,244.0
BATCH-20260430-050,2026-04-30,Post-Intervention,"6"" 90",54,228.0
BATCH-20260430-050,2026-04-30,Post-Intervention,"6"" 90",55,255.0
BATCH-20260430-050,2026-04-30,Post-Intervention,"6"" 90",56,222.0
BATCH-20260430-050,2026-04-30,Post-Intervention,"6"" 90",57,226.0
BATCH-20260430-050,2026-04-30,Post-Intervention,"6"" 90",58,266.0
BATCH-20260430-050,2026-04-30,Post-Intervention,"6"" 90",59,265.0
BATCH-20260430-050,2026-04-30,Post-Intervention,"6"" 90",60,259.0
BATCH-20260308-051,2026-03-08,Pre-Intervention,"6"" 90",1,257.0
BATCH-20260308-051,2026-03-08,Pre-Intervention,"6"" 90",2,255.0
BATCH-20260308-051,2026-03-08,Pre-Intervention,"6"" 90",3,260.0
BATCH-20260308-051,2026-03-08,Pre-Intervention,"6"" 90",4,233.0
BATCH-20260308-051,2026-03-08,Pre-Intervention,"6"" 90",5,251.0
BATCH-20260308-051,2026-03-08,Pre-Intervention,"6"" 90",6,259.0
BATCH-20260308-051,2026-03-08,Pre-Intervention,"6"" 90",7,244.0
BATCH-20260308-051,2026-03-08,Pre-Intervention,"6"" 90",8,252.0
BATCH-20260308-051,2026-03-08,Pre-Intervention,"6"" 90",9,253.0
BATCH-20260308-051,2026-03-08,Pre-Intervention,"6"" 90",10,240.0
BATCH-20260308-051,2026-03-08,Pre-Intervention,"6"" 90",11,241.0
BATCH-20260308-051,2026-03-08,Pre-Intervention,"6"" 90",12,251.0
BATCH-20260308-051,2026-03-08,Pre-Intervention,"6"" 90",13,256.0
BATCH-20260308-051,2026-03-08,Pre-Intervention,"6"" 90",14,246.0
BATCH-20260308-051,2026-03-08,Pre-Intervention,"6"" 90",15,245.0
BATCH-20260308-051,2026-03-08,Pre-Intervention,"6"" 90",16,255.0
BATCH-20260308-051,2026-03-08,Pre-Intervention,"6"" 90",17,250.0
BATCH-20260308-051,2026-03-08,Pre-Intervention,"6"" 90",18,239.0
BATCH-20260308-051,2026-03-08,Pre-Intervention,"6"" 90",19,251.0
BATCH-20260308-051,2026-03-08,Pre-Intervention,"6"" 90",20,231.0
BATCH-20260308-051,2026-03-08,Pre-Intervention,"6"" 90",21,236.0
BATCH-20260308-051,2026-03-08,Pre-Intervention,"6"" 90",22,243.0
BATCH-20260308-051,2026-03-08,Pre-Intervention,"6"" 90",23,258.0
BATCH-20260308-051,2026-03-08,Pre-Intervention,"6"" 90",24,259.0
BATCH-20260308-051,2026-03-08,Pre-Intervention,"6"" 90",25,246.0
BATCH-20260308-051,2026-03-08,Pre-Intervention,"6"" 90",26,237.0
BATCH-20260308-051,2026-03-08,Pre-Intervention,"6"" 90",27,246.0
BATCH-20260308-051,2026-03-08,Pre-Intervention,"6"" 90",28,252.0
BATCH-20260308-051,2026-03-08,Pre-Intervention,"6"" 90",29,241.0
BATCH-20260308-051,2026-03-08,Pre-Intervention,"6"" 90",30,245.0
BATCH-20260308-051,2026-03-08,Pre-Intervention,"6"" 90",31,250.0
BATCH-20260308-051,2026-03-08,Pre-Intervention,"6"" 90",32,247.0
BATCH-20260308-051,2026-03-08,Pre-Intervention,"6"" 90",33,243.0
BATCH-20260308-051,2026-03-08,Pre-Intervention,"6"" 90",34,254.0
BATCH-20260308-051,2026-03-08,Pre-Intervention,"6"" 90",35,247.0
BATCH-20260308-051,2026-03-08,Pre-Intervention,"6"" 90",36,240.0
BATCH-20260308-051,2026-03-08,Pre-Intervention,"6"" 90",37,248.0
BATCH-20260308-051,2026-03-08,Pre-Intervention,"6"" 90",38,248.0
BATCH-20260308-051,2026-03-08,Pre-Intervention,"6"" 90",39,245.0
BATCH-20260308-051,2026-03-08,Pre-Intervention,"6"" 90",40,234.0
BATCH-20260308-051,2026-03-08,Pre-Intervention,"6"" 90",41,240.0
BATCH-20260308-051,2026-03-08,Pre-Intervention,"6"" 90",42,259.0
BATCH-20260308-051,2026-03-08,Pre-Intervention,"6"" 90",43,231.0
BATCH-20260308-051,2026-03-08,Pre-Intervention,"6"" 90",44,259.0
BATCH-20260308-051,2026-03-08,Pre-Intervention,"6"" 90",45,254.0
BATCH-20260308-051,2026-03-08,Pre-Intervention,"6"" 90",46,252.0
BATCH-20260308-051,2026-03-08,Pre-Intervention,"6"" 90",47,251.0
BATCH-20260308-051,2026-03-08,Pre-Intervention,"6"" 90",48,231.0
BATCH-20260308-051,2026-03-08,Pre-Intervention,"6"" 90",49,233.0
BATCH-20260308-051,2026-03-08,Pre-Intervention,"6"" 90",50,255.0
BATCH-20260308-051,2026-03-08,Pre-Intervention,"6"" 90",51,256.0
BATCH-20260308-051,2026-03-08,Pre-Intervention,"6"" 90",52,260.0
BATCH-20260309-052,2026-03-09,Pre-Intervention,"6"" 90",1,255.0
BATCH-20260309-052,2026-03-09,Pre-Intervention,"6"" 90",2,259.0
BATCH-20260309-052,2026-03-09,Pre-Intervention,"6"" 90",3,257.0
BATCH-20260309-052,2026-03-09,Pre-Intervention,"6"" 90",4,260.0
BATCH-20260309-052,2026-03-09,Pre-Intervention,"6"" 90",5,248.0
BATCH-20260309-052,2026-03-09,Pre-Intervention,"6"" 90",6,250.0
BATCH-20260309-052,2026-03-09,Pre-Intervention,"6"" 90",7,252.0
BATCH-20260309-052,2026-03-09,Pre-Intervention,"6"" 90",8,245.0
BATCH-20260309-052,2026-03-09,Pre-Intervention,"6"" 90",9,250.0
BATCH-20260309-052,2026-03-09,Pre-Intervention,"6"" 90",10,237.0
BATCH-20260309-052,2026-03-09,Pre-Intervention,"6"" 90",11,244.0
BATCH-20260309-052,2026-03-09,Pre-Intervention,"6"" 90",12,253.0
BATCH-20260309-052,2026-03-09,Pre-Intervention,"6"" 90",13,258.0
BATCH-20260309-052,2026-03-09,Pre-Intervention,"6"" 90",14,242.0
BATCH-20260309-052,2026-03-09,Pre-Intervention,"6"" 90",15,254.0
BATCH-20260309-052,2026-03-09,Pre-Intervention,"6"" 90",16,258.0
BATCH-20260309-052,2026-03-09,Pre-Intervention,"6"" 90",17,249.0
BATCH-20260309-052,2026-03-09,Pre-Intervention,"6"" 90",18,247.0
BATCH-20260309-052,2026-03-09,Pre-Intervention,"6"" 90",19,249.0
BATCH-20260309-052,2026-03-09,Pre-Intervention,"6"" 90",20,245.0
BATCH-20260309-052,2026-03-09,Pre-Intervention,"6"" 90",21,240.0
BATCH-20260309-052,2026-03-09,Pre-Intervention,"6"" 90",22,244.0
BATCH-20260309-052,2026-03-09,Pre-Intervention,"6"" 90",23,254.0
BATCH-20260309-052,2026-03-09,Pre-Intervention,"6"" 90",24,238.0
BATCH-20260309-052,2026-03-09,Pre-Intervention,"6"" 90",25,236.0
BATCH-20260309-052,2026-03-09,Pre-Intervention,"6"" 90",26,260.0
BATCH-20260309-052,2026-03-09,Pre-Intervention,"6"" 90",27,252.0
BATCH-20260309-052,2026-03-09,Pre-Intervention,"6"" 90",28,254.0
BATCH-20260309-052,2026-03-09,Pre-Intervention,"6"" 90",29,239.0
BATCH-20260309-052,2026-03-09,Pre-Intervention,"6"" 90",30,247.0
BATCH-20260309-052,2026-03-09,Pre-Intervention,"6"" 90",31,241.0
BATCH-20260309-052,2026-03-09,Pre-Intervention,"6"" 90",32,251.0
BATCH-20260309-052,2026-03-09,Pre-Intervention,"6"" 90",33,247.0
BATCH-20260309-052,2026-03-09,Pre-Intervention,"6"" 90",34,250.0
BATCH-20260309-052,2026-03-09,Pre-Intervention,"6"" 90",35,245.0
BATCH-20260309-052,2026-03-09,Pre-Intervention,"6"" 90",36,242.0
BATCH-20260309-052,2026-03-09,Pre-Intervention,"6"" 90",37,238.0
BATCH-20260309-052,2026-03-09,Pre-Intervention,"6"" 90",38,249.0
BATCH-20260309-052,2026-03-09,Pre-Intervention,"6"" 90",39,241.0
BATCH-20260309-052,2026-03-09,Pre-Intervention,"6"" 90",40,257.0
BATCH-20260309-052,2026-03-09,Pre-Intervention,"6"" 90",41,257.0
BATCH-20260309-052,2026-03-09,Pre-Intervention,"6"" 90",42,260.0
BATCH-20260309-052,2026-03-09,Pre-Intervention,"6"" 90",43,235.0
BATCH-20260309-052,2026-03-09,Pre-Intervention,"6"" 90",44,249.0
BATCH-20260309-052,2026-03-09,Pre-Intervention,"6"" 90",45,249.0
BATCH-20260309-052,2026-03-09,Pre-Intervention,"6"" 90",46,237.0
BATCH-20260310-053,2026-03-10,Pre-Intervention,"6"" 90",1,245.0
BATCH-20260310-053,2026-03-10,Pre-Intervention,"6"" 90",2,242.0
BATCH-20260310-053,2026-03-10,Pre-Intervention,"6"" 90",3,242.0
BATCH-20260310-053,2026-03-10,Pre-Intervention,"6"" 90",4,259.0
BATCH-20260310-053,2026-03-10,Pre-Intervention,"6"" 90",5,249.0
BATCH-20260310-053,2026-03-10,Pre-Intervention,"6"" 90",6,258.0
BATCH-20260310-053,2026-03-10,Pre-Intervention,"6"" 90",7,243.0
BATCH-20260310-053,2026-03-10,Pre-Intervention,"6"" 90",8,235.0
BATCH-20260310-053,2026-03-10,Pre-Intervention,"6"" 90",9,256.0
BATCH-20260310-053,2026-03-10,Pre-Intervention,"6"" 90",10,253.0
BATCH-20260310-053,2026-03-10,Pre-Intervention,"6"" 90",11,236.0
BATCH-20260310-053,2026-03-10,Pre-Intervention,"6"" 90",12,253.0
BATCH-20260310-053,2026-03-10,Pre-Intervention,"6"" 90",13,237.0
BATCH-20260310-053,2026-03-10,Pre-Intervention,"6"" 90",14,239.0
BATCH-20260311-054,2026-03-11,Pre-Intervention,"6"" 90",1,254.0
BATCH-20260311-054,2026-03-11,Pre-Intervention,"6"" 90",2,254.0
BATCH-20260311-054,2026-03-11,Pre-Intervention,"6"" 90",3,242.0
BATCH-20260311-054,2026-03-11,Pre-Intervention,"6"" 90",4,236.0
BATCH-20260311-054,2026-03-11,Pre-Intervention,"6"" 90",5,237.0
BATCH-20260311-054,2026-03-11,Pre-Intervention,"6"" 90",6,243.0
BATCH-20260311-054,2026-03-11,Pre-Intervention,"6"" 90",7,257.0
BATCH-20260311-054,2026-03-11,Pre-Intervention,"6"" 90",8,236.0
BATCH-20260311-054,2026-03-11,Pre-Intervention,"6"" 90",9,258.0
BATCH-20260313-055,2026-03-13,Pre-Intervention,"6"" 90",1,237.0
BATCH-20260313-055,2026-03-13,Pre-Intervention,"6"" 90",2,258.0
BATCH-20260313-055,2026-03-13,Pre-Intervention,"6"" 90",3,250.0
BATCH-20260313-055,2026-03-13,Pre-Intervention,"6"" 90",4,251.0
BATCH-20260328-056,2026-03-28,Pre-Intervention,"6"" 90",1,248.0
BATCH-20260328-056,2026-03-28,Pre-Intervention,"6"" 90",2,236.0
BATCH-20260328-056,2026-03-28,Pre-Intervention,"6"" 90",3,242.0
BATCH-20260328-056,2026-03-28,Pre-Intervention,"6"" 90",4,240.0
BATCH-20260328-056,2026-03-28,Pre-Intervention,"6"" 90",5,238.0
BATCH-20260328-056,2026-03-28,Pre-Intervention,"6"" 90",6,257.0
BATCH-20260328-056,2026-03-28,Pre-Intervention,"6"" 90",7,252.0
BATCH-20260328-056,2026-03-28,Pre-Intervention,"6"" 90",8,254.0
BATCH-20260328-056,2026-03-28,Pre-Intervention,"6"" 90",9,236.0
BATCH-20260328-056,2026-03-28,Pre-Intervention,"6"" 90",10,249.0
BATCH-20260328-056,2026-03-28,Pre-Intervention,"6"" 90",11,250.0
BATCH-20260328-056,2026-03-28,Pre-Intervention,"6"" 90",12,249.0
BATCH-20260328-056,2026-03-28,Pre-Intervention,"6"" 90",13,246.0
BATCH-20260328-056,2026-03-28,Pre-Intervention,"6"" 90",14,235.0
BATCH-20260328-056,2026-03-28,Pre-Intervention,"6"" 90",15,243.0
BATCH-20260328-056,2026-03-28,Pre-Intervention,"6"" 90",16,248.0
BATCH-20260328-056,2026-03-28,Pre-Intervention,"6"" 90",17,254.0
BATCH-20260328-056,2026-03-28,Pre-Intervention,"6"" 90",18,242.0
BATCH-20260328-056,2026-03-28,Pre-Intervention,"6"" 90",19,240.0
BATCH-20260328-056,2026-03-28,Pre-Intervention,"6"" 90",20,236.0
BATCH-20260328-056,2026-03-28,Pre-Intervention,"6"" 90",21,253.0
BATCH-20260328-056,2026-03-28,Pre-Intervention,"6"" 90",22,259.0
BATCH-20260328-056,2026-03-28,Pre-Intervention,"6"" 90",23,255.0
BATCH-20260328-056,2026-03-28,Pre-Intervention,"6"" 90",24,260.0
BATCH-20260326-057,2026-03-26,Pre-Intervention,"6"" 90",1,256.0
BATCH-20260326-057,2026-03-26,Pre-Intervention,"6"" 90",2,252.0
BATCH-20260326-057,2026-03-26,Pre-Intervention,"6"" 90",3,255.0
BATCH-20260326-057,2026-03-26,Pre-Intervention,"6"" 90",4,257.0
BATCH-20260326-057,2026-03-26,Pre-Intervention,"6"" 90",5,269.0
BATCH-20260326-057,2026-03-26,Pre-Intervention,"6"" 90",6,234.0
BATCH-20260326-057,2026-03-26,Pre-Intervention,"6"" 90",7,257.0
BATCH-20260326-057,2026-03-26,Pre-Intervention,"6"" 90",8,247.0
BATCH-20260326-057,2026-03-26,Pre-Intervention,"6"" 90",9,263.0
BATCH-20260326-057,2026-03-26,Pre-Intervention,"6"" 90",10,246.0
BATCH-20260326-057,2026-03-26,Pre-Intervention,"6"" 90",11,261.0
BATCH-20260326-057,2026-03-26,Pre-Intervention,"6"" 90",12,235.0
BATCH-20260326-057,2026-03-26,Pre-Intervention,"6"" 90",13,266.0
BATCH-20260326-057,2026-03-26,Pre-Intervention,"6"" 90",14,264.0
BATCH-20260326-057,2026-03-26,Pre-Intervention,"6"" 90",15,230.0
BATCH-20260326-057,2026-03-26,Pre-Intervention,"6"" 90",16,242.0
BATCH-20260326-057,2026-03-26,Pre-Intervention,"6"" 90",17,256.0
BATCH-20260326-057,2026-03-26,Pre-Intervention,"6"" 90",18,247.0
BATCH-20260326-057,2026-03-26,Pre-Intervention,"6"" 90",19,270.0
BATCH-20260326-057,2026-03-26,Pre-Intervention,"6"" 90",20,267.0
BATCH-20260326-057,2026-03-26,Pre-Intervention,"6"" 90",21,262.0
BATCH-20260326-057,2026-03-26,Pre-Intervention,"6"" 90",22,240.0
BATCH-20260326-057,2026-03-26,Pre-Intervention,"6"" 90",23,253.0
BATCH-20260326-057,2026-03-26,Pre-Intervention,"6"" 90",24,240.0
BATCH-20260326-057,2026-03-26,Pre-Intervention,"6"" 90",25,231.0
BATCH-20260326-057,2026-03-26,Pre-Intervention,"6"" 90",26,237.0
BATCH-20260326-057,2026-03-26,Pre-Intervention,"6"" 90",27,231.0
BATCH-20260326-057,2026-03-26,Pre-Intervention,"6"" 90",28,246.0
BATCH-20260326-057,2026-03-26,Pre-Intervention,"6"" 90",29,242.0
BATCH-20260326-057,2026-03-26,Pre-Intervention,"6"" 90",30,243.0
BATCH-20260326-057,2026-03-26,Pre-Intervention,"6"" 90",31,270.0
BATCH-20260326-057,2026-03-26,Pre-Intervention,"6"" 90",32,257.0
BATCH-20260326-057,2026-03-26,Pre-Intervention,"6"" 90",33,245.0
BATCH-20260326-057,2026-03-26,Pre-Intervention,"6"" 90",34,247.0
BATCH-20260326-057,2026-03-26,Pre-Intervention,"6"" 90",35,270.0
BATCH-20260326-057,2026-03-26,Pre-Intervention,"6"" 90",36,239.0
BATCH-20260326-057,2026-03-26,Pre-Intervention,"6"" 90",37,241.0
BATCH-20260326-057,2026-03-26,Pre-Intervention,"6"" 90",38,263.0
BATCH-20260326-057,2026-03-26,Pre-Intervention,"6"" 90",39,257.0
BATCH-20260326-057,2026-03-26,Pre-Intervention,"6"" 90",40,253.0
BATCH-20260326-057,2026-03-26,Pre-Intervention,"6"" 90",41,233.0
BATCH-20260326-057,2026-03-26,Pre-Intervention,"6"" 90",42,244.0
BATCH-20260326-057,2026-03-26,Pre-Intervention,"6"" 90",43,251.0
BATCH-20260326-057,2026-03-26,Pre-Intervention,"6"" 90",44,244.0
BATCH-20260326-057,2026-03-26,Pre-Intervention,"6"" 90",45,243.0
BATCH-20260326-057,2026-03-26,Pre-Intervention,"6"" 90",46,269.0
BATCH-20260326-057,2026-03-26,Pre-Intervention,"6"" 90",47,238.0
BATCH-20260326-057,2026-03-26,Pre-Intervention,"6"" 90",48,237.0
BATCH-20260326-057,2026-03-26,Pre-Intervention,"6"" 90",49,268.0
BATCH-20260327-058,2026-03-27,Pre-Intervention,"6"" 90",1,268.0
BATCH-20260327-058,2026-03-27,Pre-Intervention,"6"" 90",2,258.0
BATCH-20260327-058,2026-03-27,Pre-Intervention,"6"" 90",3,244.0
BATCH-20260327-058,2026-03-27,Pre-Intervention,"6"" 90",4,266.0
BATCH-20260327-058,2026-03-27,Pre-Intervention,"6"" 90",5,234.0
BATCH-20260327-058,2026-03-27,Pre-Intervention,"6"" 90",6,264.0
BATCH-20260327-058,2026-03-27,Pre-Intervention,"6"" 90",7,233.0
BATCH-20260327-058,2026-03-27,Pre-Intervention,"6"" 90",8,243.0
BATCH-20260327-058,2026-03-27,Pre-Intervention,"6"" 90",9,258.0
BATCH-20260327-058,2026-03-27,Pre-Intervention,"6"" 90",10,231.0
BATCH-20260327-058,2026-03-27,Pre-Intervention,"6"" 90",11,254.0
BATCH-20260327-058,2026-03-27,Pre-Intervention,"6"" 90",12,232.0
BATCH-20260327-058,2026-03-27,Pre-Intervention,"6"" 90",13,252.0
BATCH-20260327-058,2026-03-27,Pre-Intervention,"6"" 90",14,265.0
BATCH-20260327-058,2026-03-27,Pre-Intervention,"6"" 90",15,233.0
BATCH-20260327-058,2026-03-27,Pre-Intervention,"6"" 90",16,263.0
BATCH-20260327-058,2026-03-27,Pre-Intervention,"6"" 90",17,268.0
BATCH-20260327-058,2026-03-27,Pre-Intervention,"6"" 90",18,250.0
BATCH-20260327-058,2026-03-27,Pre-Intervention,"6"" 90",19,251.0
BATCH-20260327-058,2026-03-27,Pre-Intervention,"6"" 90",20,235.0
BATCH-20260327-058,2026-03-27,Pre-Intervention,"6"" 90",21,265.0
BATCH-20260327-058,2026-03-27,Pre-Intervention,"6"" 90",22,265.0
BATCH-20260327-058,2026-03-27,Pre-Intervention,"6"" 90",23,242.0
BATCH-20260327-058,2026-03-27,Pre-Intervention,"6"" 90",24,253.0
BATCH-20260327-058,2026-03-27,Pre-Intervention,"6"" 90",25,263.0
BATCH-20260327-058,2026-03-27,Pre-Intervention,"6"" 90",26,246.0
BATCH-20260327-058,2026-03-27,Pre-Intervention,"6"" 90",27,267.0
BATCH-20260327-058,2026-03-27,Pre-Intervention,"6"" 90",28,241.0
BATCH-20260327-058,2026-03-27,Pre-Intervention,"6"" 90",29,254.0
BATCH-20260327-058,2026-03-27,Pre-Intervention,"6"" 90",30,256.0
BATCH-20260327-058,2026-03-27,Pre-Intervention,"6"" 90",31,247.0
BATCH-20260327-058,2026-03-27,Pre-Intervention,"6"" 90",32,258.0
BATCH-20260327-058,2026-03-27,Pre-Intervention,"6"" 90",33,267.0
BATCH-20260327-058,2026-03-27,Pre-Intervention,"6"" 90",34,232.0
BATCH-20260327-058,2026-03-27,Pre-Intervention,"6"" 90",35,236.0
BATCH-20260327-058,2026-03-27,Pre-Intervention,"6"" 90",36,251.0
BATCH-20260327-058,2026-03-27,Pre-Intervention,"6"" 90",37,246.0
BATCH-20260327-058,2026-03-27,Pre-Intervention,"6"" 90",38,248.0
BATCH-20260327-058,2026-03-27,Pre-Intervention,"6"" 90",39,237.0
BATCH-20260327-058,2026-03-27,Pre-Intervention,"6"" 90",40,261.0
BATCH-20260327-058,2026-03-27,Pre-Intervention,"6"" 90",41,270.0
BATCH-20260327-058,2026-03-27,Pre-Intervention,"6"" 90",42,236.0
BATCH-20260327-058,2026-03-27,Pre-Intervention,"6"" 90",43,249.0
BATCH-20260327-058,2026-03-27,Pre-Intervention,"6"" 90",44,269.0
BATCH-20260327-058,2026-03-27,Pre-Intervention,"6"" 90",45,254.0
BATCH-20260327-058,2026-03-27,Pre-Intervention,"6"" 90",46,258.0
BATCH-20260327-058,2026-03-27,Pre-Intervention,"6"" 90",47,248.0
BATCH-20260502-059,2026-05-02,Post-Intervention,"6"" 90",1,244.0
BATCH-20260502-059,2026-05-02,Post-Intervention,"6"" 90",2,270.0
BATCH-20260502-059,2026-05-02,Post-Intervention,"6"" 90",3,243.0
BATCH-20260502-059,2026-05-02,Post-Intervention,"6"" 90",4,229.0
BATCH-20260502-059,2026-05-02,Post-Intervention,"6"" 90",5,242.0
BATCH-20260502-059,2026-05-02,Post-Intervention,"6"" 90",6,265.0
BATCH-20260502-059,2026-05-02,Post-Intervention,"6"" 90",7,232.0
BATCH-20260502-059,2026-05-02,Post-Intervention,"6"" 90",8,247.0
BATCH-20260502-059,2026-05-02,Post-Intervention,"6"" 90",9,240.0
BATCH-20260502-059,2026-05-02,Post-Intervention,"6"" 90",10,263.0
BATCH-20260502-059,2026-05-02,Post-Intervention,"6"" 90",11,251.0
BATCH-20260502-059,2026-05-02,Post-Intervention,"6"" 90",12,251.0
BATCH-20260502-059,2026-05-02,Post-Intervention,"6"" 90",13,262.0
BATCH-20260502-059,2026-05-02,Post-Intervention,"6"" 90",14,237.0
BATCH-20260502-059,2026-05-02,Post-Intervention,"6"" 90",15,253.0
BATCH-20260502-059,2026-05-02,Post-Intervention,"6"" 90",16,268.0
BATCH-20260502-059,2026-05-02,Post-Intervention,"6"" 90",17,250.0
BATCH-20260502-059,2026-05-02,Post-Intervention,"6"" 90",18,269.0
BATCH-20260502-059,2026-05-02,Post-Intervention,"6"" 90",19,246.0
BATCH-20260502-059,2026-05-02,Post-Intervention,"6"" 90",20,242.0
BATCH-20260502-059,2026-05-02,Post-Intervention,"6"" 90",21,228.0
BATCH-20260502-059,2026-05-02,Post-Intervention,"6"" 90",22,253.0
BATCH-20260502-059,2026-05-02,Post-Intervention,"6"" 90",23,255.0
BATCH-20260502-059,2026-05-02,Post-Intervention,"6"" 90",24,252.0
BATCH-20260502-059,2026-05-02,Post-Intervention,"6"" 90",25,235.0
BATCH-20260502-059,2026-05-02,Post-Intervention,"6"" 90",26,229.0
BATCH-20260502-059,2026-05-02,Post-Intervention,"6"" 90",27,235.0
BATCH-20260502-059,2026-05-02,Post-Intervention,"6"" 90",28,251.0
BATCH-20260502-059,2026-05-02,Post-Intervention,"6"" 90",29,226.0
BATCH-20260502-059,2026-05-02,Post-Intervention,"6"" 90",30,232.0
BATCH-20260502-059,2026-05-02,Post-Intervention,"6"" 90",31,234.0
BATCH-20260502-059,2026-05-02,Post-Intervention,"6"" 90",32,227.0
BATCH-20260502-059,2026-05-02,Post-Intervention,"6"" 90",33,233.0
BATCH-20260502-059,2026-05-02,Post-Intervention,"6"" 90",34,226.0
BATCH-20260502-059,2026-05-02,Post-Intervention,"6"" 90",35,247.0
BATCH-20260502-059,2026-05-02,Post-Intervention,"6"" 90",36,238.0
BATCH-20260502-059,2026-05-02,Post-Intervention,"6"" 90",37,261.0
BATCH-20260502-059,2026-05-02,Post-Intervention,"6"" 90",38,248.0
BATCH-20260502-059,2026-05-02,Post-Intervention,"6"" 90",39,255.0
BATCH-20260502-059,2026-05-02,Post-Intervention,"6"" 90",40,264.0
BATCH-20260502-059,2026-05-02,Post-Intervention,"6"" 90",41,256.0
BATCH-20260502-059,2026-05-02,Post-Intervention,"6"" 90",42,231.0
BATCH-20260502-059,2026-05-02,Post-Intervention,"6"" 90",43,257.0
BATCH-20260502-059,2026-05-02,Post-Intervention,"6"" 90",44,262.0
BATCH-20260502-059,2026-05-02,Post-Intervention,"6"" 90",45,254.0
BATCH-20260502-059,2026-05-02,Post-Intervention,"6"" 90",46,240.0
BATCH-20260502-059,2026-05-02,Post-Intervention,"6"" 90",47,233.0
BATCH-20260502-059,2026-05-02,Post-Intervention,"6"" 90",48,243.0
BATCH-20260502-059,2026-05-02,Post-Intervention,"6"" 90",49,260.0
BATCH-20260502-059,2026-05-02,Post-Intervention,"6"" 90",50,229.0
BATCH-20260502-059,2026-05-02,Post-Intervention,"6"" 90",51,265.0
BATCH-20260502-059,2026-05-02,Post-Intervention,"6"" 90",52,266.0
BATCH-20260502-059,2026-05-02,Post-Intervention,"6"" 90",53,251.0
BATCH-20260502-059,2026-05-02,Post-Intervention,"6"" 90",54,264.0
BATCH-20260502-059,2026-05-02,Post-Intervention,"6"" 90",55,235.0
BATCH-20260502-059,2026-05-02,Post-Intervention,"6"" 90",56,262.0
BATCH-20260502-059,2026-05-02,Post-Intervention,"6"" 90",57,266.0
BATCH-20260502-059,2026-05-02,Post-Intervention,"6"" 90",58,253.0
BATCH-20260502-059,2026-05-02,Post-Intervention,"6"" 90",59,235.0
BATCH-20260502-059,2026-05-02,Post-Intervention,"6"" 90",60,251.0
BATCH-20260502-059,2026-05-02,Post-Intervention,"6"" 90",61,252.0
BATCH-20260502-059,2026-05-02,Post-Intervention,"6"" 90",62,244.0
BATCH-20260502-059,2026-05-02,Post-Intervention,"6"" 90",63,240.0
BATCH-20260502-059,2026-05-02,Post-Intervention,"6"" 90",64,241.0
BATCH-20260502-059,2026-05-02,Post-Intervention,"6"" 90",65,260.0
BATCH-20260502-059,2026-05-02,Post-Intervention,"6"" 90",66,250.0
BATCH-20260502-059,2026-05-02,Post-Intervention,"6"" 90",67,229.0
BATCH-20260502-059,2026-05-02,Post-Intervention,"6"" 90",68,258.0
BATCH-20260502-059,2026-05-02,Post-Intervention,"6"" 90",69,252.0
BATCH-20260502-059,2026-05-02,Post-Intervention,"6"" 90",70,243.0
BATCH-20260502-059,2026-05-02,Post-Intervention,"6"" 90",71,267.0
BATCH-20260502-059,2026-05-02,Post-Intervention,"6"" 90",72,270.0
BATCH-20260502-059,2026-05-02,Post-Intervention,"6"" 90",73,260.0
BATCH-20260502-059,2026-05-02,Post-Intervention,"6"" 90",74,261.0
BATCH-20260502-059,2026-05-02,Post-Intervention,"6"" 90",75,244.0
BATCH-20260502-059,2026-05-02,Post-Intervention,"6"" 90",76,225.0
BATCH-20260502-059,2026-05-02,Post-Intervention,"6"" 90",77,231.0
BATCH-20260502-059,2026-05-02,Post-Intervention,"6"" 90",78,268.0
BATCH-20260502-059,2026-05-02,Post-Intervention,"6"" 90",79,244.0
BATCH-20260502-059,2026-05-02,Post-Intervention,"6"" 90",80,234.0
BATCH-20260502-059,2026-05-02,Post-Intervention,"6"" 90",81,257.0
BATCH-20260502-059,2026-05-02,Post-Intervention,"6"" 90",82,270.0
BATCH-20260502-059,2026-05-02,Post-Intervention,"6"" 90",83,227.0
BATCH-20260502-059,2026-05-02,Post-Intervention,"6"" 90",84,250.0
BATCH-20260503-060,2026-05-03,Post-Intervention,"6"" 90",1,240.0
BATCH-20260503-060,2026-05-03,Post-Intervention,"6"" 90",2,228.0
BATCH-20260503-060,2026-05-03,Post-Intervention,"6"" 90",3,240.0
BATCH-20260503-060,2026-05-03,Post-Intervention,"6"" 90",4,238.0
BATCH-20260503-060,2026-05-03,Post-Intervention,"6"" 90",5,247.0
BATCH-20260503-060,2026-05-03,Post-Intervention,"6"" 90",6,260.0
BATCH-20260503-060,2026-05-03,Post-Intervention,"6"" 90",7,237.0
BATCH-20260503-060,2026-05-03,Post-Intervention,"6"" 90",8,254.0
BATCH-20260503-060,2026-05-03,Post-Intervention,"6"" 90",9,233.0
BATCH-20260503-060,2026-05-03,Post-Intervention,"6"" 90",10,238.0
BATCH-20260503-060,2026-05-03,Post-Intervention,"6"" 90",11,251.0
BATCH-20260503-060,2026-05-03,Post-Intervention,"6"" 90",12,259.0
BATCH-20260503-060,2026-05-03,Post-Intervention,"6"" 90",13,255.0
BATCH-20260503-060,2026-05-03,Post-Intervention,"6"" 90",14,257.0
BATCH-20260503-060,2026-05-03,Post-Intervention,"6"" 90",15,225.0
BATCH-20260503-060,2026-05-03,Post-Intervention,"6"" 90",16,258.0
BATCH-20260503-060,2026-05-03,Post-Intervention,"6"" 90",17,260.0
BATCH-20260503-060,2026-05-03,Post-Intervention,"6"" 90",18,253.0
BATCH-20260503-060,2026-05-03,Post-Intervention,"6"" 90",19,233.0
BATCH-20260503-060,2026-05-03,Post-Intervention,"6"" 90",20,252.0
BATCH-20260503-060,2026-05-03,Post-Intervention,"6"" 90",21,256.0
BATCH-20260503-060,2026-05-03,Post-Intervention,"6"" 90",22,228.0
BATCH-20260503-060,2026-05-03,Post-Intervention,"6"" 90",23,255.0
BATCH-20260503-060,2026-05-03,Post-Intervention,"6"" 90",24,251.0
BATCH-20260503-060,2026-05-03,Post-Intervention,"6"" 90",25,259.0
BATCH-20260503-060,2026-05-03,Post-Intervention,"6"" 90",26,225.0
BATCH-20260503-060,2026-05-03,Post-Intervention,"6"" 90",27,227.0
BATCH-20260503-060,2026-05-03,Post-Intervention,"6"" 90",28,244.0
BATCH-20260503-060,2026-05-03,Post-Intervention,"6"" 90",29,228.0
BATCH-20260504-061,2026-05-04,Post-Intervention,"6"" 90",1,252.0
BATCH-20260504-061,2026-05-04,Post-Intervention,"6"" 90",2,263.0
BATCH-20260504-061,2026-05-04,Post-Intervention,"6"" 90",3,254.0
BATCH-20260504-061,2026-05-04,Post-Intervention,"6"" 90",4,248.0
BATCH-20260504-061,2026-05-04,Post-Intervention,"6"" 90",5,254.0
BATCH-20260504-061,2026-05-04,Post-Intervention,"6"" 90",6,251.0
BATCH-20260504-061,2026-05-04,Post-Intervention,"6"" 90",7,240.0
BATCH-20260504-061,2026-05-04,Post-Intervention,"6"" 90",8,241.0
BATCH-20260504-061,2026-05-04,Post-Intervention,"6"" 90",9,254.0
BATCH-20260504-061,2026-05-04,Post-Intervention,"6"" 90",10,249.0
BATCH-20260504-061,2026-05-04,Post-Intervention,"6"" 90",11,258.0
BATCH-20260504-061,2026-05-04,Post-Intervention,"6"" 90",12,235.0
BATCH-20260504-061,2026-05-04,Post-Intervention,"6"" 90",13,251.0
BATCH-20260504-061,2026-05-04,Post-Intervention,"6"" 90",14,269.0
BATCH-20260504-061,2026-05-04,Post-Intervention,"6"" 90",15,236.0
BATCH-20260504-061,2026-05-04,Post-Intervention,"6"" 90",16,259.0
BATCH-20260504-061,2026-05-04,Post-Intervention,"6"" 90",17,255.0
BATCH-20260504-061,2026-05-04,Post-Intervention,"6"" 90",18,241.0
BATCH-20260504-061,2026-05-04,Post-Intervention,"6"" 90",19,265.0
BATCH-20260504-061,2026-05-04,Post-Intervention,"6"" 90",20,239.0
BATCH-20260504-061,2026-05-04,Post-Intervention,"6"" 90",21,239.0
BATCH-20260504-061,2026-05-04,Post-Intervention,"6"" 90",22,268.0
BATCH-20260504-061,2026-05-04,Post-Intervention,"6"" 90",23,236.0
BATCH-20260504-061,2026-05-04,Post-Intervention,"6"" 90",24,243.0
BATCH-20260504-061,2026-05-04,Post-Intervention,"6"" 90",25,270.0
BATCH-20260504-061,2026-05-04,Post-Intervention,"6"" 90",26,261.0
BATCH-20260504-061,2026-05-04,Post-Intervention,"6"" 90",27,247.0
BATCH-20260504-061,2026-05-04,Post-Intervention,"6"" 90",28,263.0
BATCH-20260504-061,2026-05-04,Post-Intervention,"6"" 90",29,260.0
BATCH-20260504-061,2026-05-04,Post-Intervention,"6"" 90",30,258.0
BATCH-20260504-061,2026-05-04,Post-Intervention,"6"" 90",31,266.0
BATCH-20260504-061,2026-05-04,Post-Intervention,"6"" 90",32,258.0
BATCH-20260504-061,2026-05-04,Post-Intervention,"6"" 90",33,262.0
BATCH-20260504-061,2026-05-04,Post-Intervention,"6"" 90",34,250.0
BATCH-20260504-061,2026-05-04,Post-Intervention,"6"" 90",35,258.0
BATCH-20260504-061,2026-05-04,Post-Intervention,"6"" 90",36,251.0
BATCH-20260504-061,2026-05-04,Post-Intervention,"6"" 90",37,227.0
BATCH-20260504-061,2026-05-04,Post-Intervention,"6"" 90",38,231.0
BATCH-20260504-061,2026-05-04,Post-Intervention,"6"" 90",39,245.0
BATCH-20260504-061,2026-05-04,Post-Intervention,"6"" 90",40,242.0
BATCH-20260504-061,2026-05-04,Post-Intervention,"6"" 90",41,234.0
BATCH-20260504-061,2026-05-04,Post-Intervention,"6"" 90",42,248.0
BATCH-20260504-061,2026-05-04,Post-Intervention,"6"" 90",43,221.0
BATCH-20260504-061,2026-05-04,Post-Intervention,"6"" 90",44,241.0
BATCH-20260504-061,2026-05-04,Post-Intervention,"6"" 90",45,249.0
BATCH-20260504-061,2026-05-04,Post-Intervention,"6"" 90",46,215.0
BATCH-20260504-061,2026-05-04,Post-Intervention,"6"" 90",47,228.0
BATCH-20260504-061,2026-05-04,Post-Intervention,"6"" 90",48,233.0
BATCH-20260504-061,2026-05-04,Post-Intervention,"6"" 90",49,230.0
BATCH-20260504-061,2026-05-04,Post-Intervention,"6"" 90",50,224.0
BATCH-20260504-061,2026-05-04,Post-Intervention,"6"" 90",51,259.0
BATCH-20260504-061,2026-05-04,Post-Intervention,"6"" 90",52,224.0
BATCH-20260504-061,2026-05-04,Post-Intervention,"6"" 90",53,225.0
BATCH-20260504-061,2026-05-04,Post-Intervention,"6"" 90",54,218.0
BATCH-20260504-061,2026-05-04,Post-Intervention,"6"" 90",55,229.0
BATCH-20260504-061,2026-05-04,Post-Intervention,"6"" 90",56,219.0
BATCH-20260504-061,2026-05-04,Post-Intervention,"6"" 90",57,249.0
BATCH-20260504-061,2026-05-04,Post-Intervention,"6"" 90",58,226.0
BATCH-20260504-061,2026-05-04,Post-Intervention,"6"" 90",59,220.0
BATCH-20260504-061,2026-05-04,Post-Intervention,"6"" 90",60,234.0
BATCH-20260504-061,2026-05-04,Post-Intervention,"6"" 90",61,220.0
BATCH-20260504-061,2026-05-04,Post-Intervention,"6"" 90",62,259.0
BATCH-20260504-061,2026-05-04,Post-Intervention,"6"" 90",63,240.0
BATCH-20260504-061,2026-05-04,Post-Intervention,"6"" 90",64,239.0
BATCH-20260504-061,2026-05-04,Post-Intervention,"6"" 90",65,241.0
BATCH-20260504-061,2026-05-04,Post-Intervention,"6"" 90",66,250.0
BATCH-20260504-061,2026-05-04,Post-Intervention,"6"" 90",67,255.0
BATCH-20260504-061,2026-05-04,Post-Intervention,"6"" 90",68,244.0
BATCH-20260504-061,2026-05-04,Post-Intervention,"6"" 90",69,240.0
BATCH-20260504-061,2026-05-04,Post-Intervention,"6"" 90",70,242.0
BATCH-20260504-061,2026-05-04,Post-Intervention,"6"" 90",71,256.0
BATCH-20260504-061,2026-05-04,Post-Intervention,"6"" 90",72,251.0
BATCH-20260504-061,2026-05-04,Post-Intervention,"6"" 90",73,242.0
BATCH-20260504-061,2026-05-04,Post-Intervention,"6"" 90",74,221.0
BATCH-20260504-061,2026-05-04,Post-Intervention,"6"" 90",75,234.0
BATCH-20260504-061,2026-05-04,Post-Intervention,"6"" 90",76,220.0
BATCH-20260504-061,2026-05-04,Post-Intervention,"6"" 90",77,240.0
BATCH-20260504-061,2026-05-04,Post-Intervention,"6"" 90",78,250.0
BATCH-20260504-061,2026-05-04,Post-Intervention,"6"" 90",79,221.0
BATCH-20260504-061,2026-05-04,Post-Intervention,"6"" 90",80,247.0
BATCH-20260504-061,2026-05-04,Post-Intervention,"6"" 90",81,224.0
BATCH-20260504-061,2026-05-04,Post-Intervention,"6"" 90",82,235.0
BATCH-20260504-061,2026-05-04,Post-Intervention,"6"" 90",83,246.0
BATCH-20260504-061,2026-05-04,Post-Intervention,"6"" 90",84,245.0
BATCH-20260504-061,2026-05-04,Post-Intervention,"6"" 90",85,227.0
BATCH-20260504-061,2026-05-04,Post-Intervention,"6"" 90",86,243.0
BATCH-20260504-061,2026-05-04,Post-Intervention,"6"" 90",87,237.0
BATCH-20260504-061,2026-05-04,Post-Intervention,"6"" 90",88,228.0
BATCH-20260504-061,2026-05-04,Post-Intervention,"6"" 90",89,222.0
BATCH-20260504-061,2026-05-04,Post-Intervention,"6"" 90",90,250.0
BATCH-20260504-061,2026-05-04,Post-Intervention,"6"" 90",91,222.0
BATCH-20260504-061,2026-05-04,Post-Intervention,"6"" 90",92,243.0
BATCH-20260504-061,2026-05-04,Post-Intervention,"6"" 90",93,244.0
BATCH-20260504-061,2026-05-04,Post-Intervention,"6"" 90",94,250.0
BATCH-20260504-061,2026-05-04,Post-Intervention,"6"" 90",95,238.0
BATCH-20260504-061,2026-05-04,Post-Intervention,"6"" 90",96,236.0
BATCH-20260504-061,2026-05-04,Post-Intervention,"6"" 90",97,225.0
BATCH-20260504-061,2026-05-04,Post-Intervention,"6"" 90",98,239.0
BATCH-20260505-062,2026-05-05,Post-Intervention,"6"" 90",1,226.0
BATCH-20260505-062,2026-05-05,Post-Intervention,"6"" 90",2,230.0
BATCH-20260505-062,2026-05-05,Post-Intervention,"6"" 90",3,245.0
BATCH-20260505-062,2026-05-05,Post-Intervention,"6"" 90",4,257.0
BATCH-20260505-062,2026-05-05,Post-Intervention,"6"" 90",5,252.0
BATCH-20260505-062,2026-05-05,Post-Intervention,"6"" 90",6,257.0
BATCH-20260505-062,2026-05-05,Post-Intervention,"6"" 90",7,244.0
BATCH-20260505-062,2026-05-05,Post-Intervention,"6"" 90",8,257.0
BATCH-20260505-062,2026-05-05,Post-Intervention,"6"" 90",9,245.0
BATCH-20260505-062,2026-05-05,Post-Intervention,"6"" 90",10,255.0
BATCH-20260505-062,2026-05-05,Post-Intervention,"6"" 90",11,255.0
BATCH-20260505-062,2026-05-05,Post-Intervention,"6"" 90",12,249.0
BATCH-20260505-062,2026-05-05,Post-Intervention,"6"" 90",13,238.0
BATCH-20260505-062,2026-05-05,Post-Intervention,"6"" 90",14,236.0
BATCH-20260505-062,2026-05-05,Post-Intervention,"6"" 90",15,231.0
BATCH-20260505-062,2026-05-05,Post-Intervention,"6"" 90",16,229.0
BATCH-20260505-062,2026-05-05,Post-Intervention,"6"" 90",17,260.0
BATCH-20260505-062,2026-05-05,Post-Intervention,"6"" 90",18,234.0
BATCH-20260505-062,2026-05-05,Post-Intervention,"6"" 90",19,266.0
BATCH-20260505-062,2026-05-05,Post-Intervention,"6"" 90",20,243.0
BATCH-20260505-062,2026-05-05,Post-Intervention,"6"" 90",21,246.0
BATCH-20260505-062,2026-05-05,Post-Intervention,"6"" 90",22,231.0
BATCH-20260505-062,2026-05-05,Post-Intervention,"6"" 90",23,230.0
BATCH-20260505-062,2026-05-05,Post-Intervention,"6"" 90",24,248.0
BATCH-20260505-062,2026-05-05,Post-Intervention,"6"" 90",25,229.0
BATCH-20260505-062,2026-05-05,Post-Intervention,"6"" 90",26,227.0
BATCH-20260505-062,2026-05-05,Post-Intervention,"6"" 90",27,258.0
BATCH-20260505-062,2026-05-05,Post-Intervention,"6"" 90",28,231.0
BATCH-20260505-062,2026-05-05,Post-Intervention,"6"" 90",29,251.0
BATCH-20260505-062,2026-05-05,Post-Intervention,"6"" 90",30,229.0
BATCH-20260505-062,2026-05-05,Post-Intervention,"6"" 90",31,263.0
BATCH-20260505-062,2026-05-05,Post-Intervention,"6"" 90",32,257.0
BATCH-20260505-062,2026-05-05,Post-Intervention,"6"" 90",33,263.0
BATCH-20260505-062,2026-05-05,Post-Intervention,"6"" 90",34,264.0
BATCH-20260505-062,2026-05-05,Post-Intervention,"6"" 90",35,235.0
BATCH-20260505-062,2026-05-05,Post-Intervention,"6"" 90",36,250.0
BATCH-20260505-062,2026-05-05,Post-Intervention,"6"" 90",37,237.0
BATCH-20260505-062,2026-05-05,Post-Intervention,"6"" 90",38,251.0
BATCH-20260505-062,2026-05-05,Post-Intervention,"6"" 90",39,232.0
BATCH-20260505-062,2026-05-05,Post-Intervention,"6"" 90",40,249.0
BATCH-20260505-062,2026-05-05,Post-Intervention,"6"" 90",41,248.0
BATCH-20260505-062,2026-05-05,Post-Intervention,"6"" 90",42,259.0
BATCH-20260505-062,2026-05-05,Post-Intervention,"6"" 90",43,232.0
BATCH-20260505-062,2026-05-05,Post-Intervention,"6"" 90",44,249.0
BATCH-20260505-062,2026-05-05,Post-Intervention,"6"" 90",45,231.0
BATCH-20260505-062,2026-05-05,Post-Intervention,"6"" 90",46,242.0
BATCH-20260505-062,2026-05-05,Post-Intervention,"6"" 90",47,259.0
BATCH-20260505-062,2026-05-05,Post-Intervention,"6"" 90",48,241.0
BATCH-20260505-062,2026-05-05,Post-Intervention,"6"" 90",49,250.0
BATCH-20260505-062,2026-05-05,Post-Intervention,"6"" 90",50,256.0
BATCH-20260505-062,2026-05-05,Post-Intervention,"6"" 90",51,228.0
BATCH-20260505-062,2026-05-05,Post-Intervention,"6"" 90",52,237.0
BATCH-20260505-062,2026-05-05,Post-Intervention,"6"" 90",53,261.0
BATCH-20260505-062,2026-05-05,Post-Intervention,"6"" 90",54,255.0
BATCH-20260505-062,2026-05-05,Post-Intervention,"6"" 90",55,239.0
BATCH-20260505-062,2026-05-05,Post-Intervention,"6"" 90",56,250.0
BATCH-20260506-063,2026-05-06,Post-Intervention,"6"" 90",1,244.0
BATCH-20260506-063,2026-05-06,Post-Intervention,"6"" 90",2,230.0
BATCH-20260506-063,2026-05-06,Post-Intervention,"6"" 90",3,253.0
BATCH-20260506-063,2026-05-06,Post-Intervention,"6"" 90",4,259.0
BATCH-20260506-063,2026-05-06,Post-Intervention,"6"" 90",5,248.0
BATCH-20260506-063,2026-05-06,Post-Intervention,"6"" 90",6,251.0
BATCH-20260506-063,2026-05-06,Post-Intervention,"6"" 90",7,247.0
BATCH-20260506-063,2026-05-06,Post-Intervention,"6"" 90",8,235.0
BATCH-20260506-063,2026-05-06,Post-Intervention,"6"" 90",9,241.0
BATCH-20260506-063,2026-05-06,Post-Intervention,"6"" 90",10,247.0
BATCH-20260506-063,2026-05-06,Post-Intervention,"6"" 90",11,260.0
BATCH-20260506-063,2026-05-06,Post-Intervention,"6"" 90",12,260.0
BATCH-20260506-063,2026-05-06,Post-Intervention,"6"" 90",13,251.0
BATCH-20260511-064,2026-05-11,Post-Intervention,"6"" 90",1,252.0
BATCH-20260511-064,2026-05-11,Post-Intervention,"6"" 90",2,269.0
BATCH-20260511-064,2026-05-11,Post-Intervention,"6"" 90",3,222.0
BATCH-20260511-064,2026-05-11,Post-Intervention,"6"" 90",4,253.0
BATCH-20260511-064,2026-05-11,Post-Intervention,"6"" 90",5,269.0
BATCH-20260511-064,2026-05-11,Post-Intervention,"6"" 90",6,264.0
BATCH-20260511-064,2026-05-11,Post-Intervention,"6"" 90",7,226.0
BATCH-20260511-064,2026-05-11,Post-Intervention,"6"" 90",8,258.0
BATCH-20260511-064,2026-05-11,Post-Intervention,"6"" 90",9,268.0
BATCH-20260511-064,2026-05-11,Post-Intervention,"6"" 90",10,239.0
BATCH-20260511-064,2026-05-11,Post-Intervention,"6"" 90",11,229.0
BATCH-20260511-064,2026-05-11,Post-Intervention,"6"" 90",12,232.0
BATCH-20260511-064,2026-05-11,Post-Intervention,"6"" 90",13,233.0
BATCH-20260511-064,2026-05-11,Post-Intervention,"6"" 90",14,265.0
BATCH-20260511-064,2026-05-11,Post-Intervention,"6"" 90",15,242.0
BATCH-20260511-064,2026-05-11,Post-Intervention,"6"" 90",16,231.0
BATCH-20260511-064,2026-05-11,Post-Intervention,"6"" 90",17,247.0
BATCH-20260511-064,2026-05-11,Post-Intervention,"6"" 90",18,249.0
BATCH-20260511-064,2026-05-11,Post-Intervention,"6"" 90",19,244.0
BATCH-20260511-064,2026-05-11,Post-Intervention,"6"" 90",20,241.0
BATCH-20260511-064,2026-05-11,Post-Intervention,"6"" 90",21,232.0
BATCH-20260511-064,2026-05-11,Post-Intervention,"6"" 90",22,264.0
BATCH-20260511-064,2026-05-11,Post-Intervention,"6"" 90",23,244.0
BATCH-20260511-064,2026-05-11,Post-Intervention,"6"" 90",24,240.0
BATCH-20260511-064,2026-05-11,Post-Intervention,"6"" 90",25,253.0
BATCH-20260511-064,2026-05-11,Post-Intervention,"6"" 90",26,224.0
BATCH-20260511-064,2026-05-11,Post-Intervention,"6"" 90",27,263.0
BATCH-20260511-064,2026-05-11,Post-Intervention,"6"" 90",28,224.0
BATCH-20260511-064,2026-05-11,Post-Intervention,"6"" 90",29,249.0
BATCH-20260511-064,2026-05-11,Post-Intervention,"6"" 90",30,234.0
BATCH-20260511-064,2026-05-11,Post-Intervention,"6"" 90",31,250.0
BATCH-20260511-064,2026-05-11,Post-Intervention,"6"" 90",32,262.0
BATCH-20260511-064,2026-05-11,Post-Intervention,"6"" 90",33,256.0
BATCH-20260511-064,2026-05-11,Post-Intervention,"6"" 90",34,238.0
BATCH-20260511-064,2026-05-11,Post-Intervention,"6"" 90",35,251.0
BATCH-20260511-064,2026-05-11,Post-Intervention,"6"" 90",36,242.0
BATCH-20260511-064,2026-05-11,Post-Intervention,"6"" 90",37,231.0
BATCH-20260511-064,2026-05-11,Post-Intervention,"6"" 90",38,257.0
BATCH-20260511-064,2026-05-11,Post-Intervention,"6"" 90",39,265.0
BATCH-20260511-064,2026-05-11,Post-Intervention,"6"" 90",40,226.0
BATCH-20260511-064,2026-05-11,Post-Intervention,"6"" 90",41,264.0
BATCH-20260511-064,2026-05-11,Post-Intervention,"6"" 90",42,251.0
BATCH-20260511-064,2026-05-11,Post-Intervention,"6"" 90",43,256.0
BATCH-20260511-064,2026-05-11,Post-Intervention,"6"" 90",44,225.0
BATCH-20260511-064,2026-05-11,Post-Intervention,"6"" 90",45,226.0
BATCH-20260511-064,2026-05-11,Post-Intervention,"6"" 90",46,255.0
BATCH-20260511-064,2026-05-11,Post-Intervention,"6"" 90",47,249.0
BATCH-20260511-064,2026-05-11,Post-Intervention,"6"" 90",48,224.0
BATCH-20260511-064,2026-05-11,Post-Intervention,"6"" 90",49,232.0
BATCH-20260511-064,2026-05-11,Post-Intervention,"6"" 90",50,223.0
BATCH-20260511-064,2026-05-11,Post-Intervention,"6"" 90",51,256.0
BATCH-20260511-064,2026-05-11,Post-Intervention,"6"" 90",52,260.0
BATCH-20260511-064,2026-05-11,Post-Intervention,"6"" 90",53,229.0
BATCH-20260511-064,2026-05-11,Post-Intervention,"6"" 90",54,258.0
BATCH-20260511-064,2026-05-11,Post-Intervention,"6"" 90",55,227.0
BATCH-20260511-064,2026-05-11,Post-Intervention,"6"" 90",56,254.0
BATCH-20260511-064,2026-05-11,Post-Intervention,"6"" 90",57,229.0
BATCH-20260511-064,2026-05-11,Post-Intervention,"6"" 90",58,256.0
BATCH-20260511-064,2026-05-11,Post-Intervention,"6"" 90",59,246.0
BATCH-20260512-065,2026-05-12,Post-Intervention,"6"" 90",1,259.0
BATCH-20260512-065,2026-05-12,Post-Intervention,"6"" 90",2,252.0
BATCH-20260512-065,2026-05-12,Post-Intervention,"6"" 90",3,234.0
BATCH-20260512-065,2026-05-12,Post-Intervention,"6"" 90",4,247.0
BATCH-20260512-065,2026-05-12,Post-Intervention,"6"" 90",5,256.0
BATCH-20260512-065,2026-05-12,Post-Intervention,"6"" 90",6,247.0
BATCH-20260512-065,2026-05-12,Post-Intervention,"6"" 90",7,233.0
BATCH-20260512-065,2026-05-12,Post-Intervention,"6"" 90",8,229.0
BATCH-20260512-065,2026-05-12,Post-Intervention,"6"" 90",9,247.0
BATCH-20260512-065,2026-05-12,Post-Intervention,"6"" 90",10,269.0
BATCH-20260512-065,2026-05-12,Post-Intervention,"6"" 90",11,244.0
BATCH-20260512-065,2026-05-12,Post-Intervention,"6"" 90",12,261.0
BATCH-20260512-065,2026-05-12,Post-Intervention,"6"" 90",13,256.0
BATCH-20260512-065,2026-05-12,Post-Intervention,"6"" 90",14,258.0
BATCH-20260512-065,2026-05-12,Post-Intervention,"6"" 90",15,237.0
BATCH-20260512-065,2026-05-12,Post-Intervention,"6"" 90",16,241.0
BATCH-20260512-065,2026-05-12,Post-Intervention,"6"" 90",17,245.0
BATCH-20260512-065,2026-05-12,Post-Intervention,"6"" 90",18,269.0
BATCH-20260512-065,2026-05-12,Post-Intervention,"6"" 90",19,236.0
BATCH-20260512-065,2026-05-12,Post-Intervention,"6"" 90",20,227.0
BATCH-20260512-065,2026-05-12,Post-Intervention,"6"" 90",21,227.0
BATCH-20260512-065,2026-05-12,Post-Intervention,"6"" 90",22,242.0
BATCH-20260512-065,2026-05-12,Post-Intervention,"6"" 90",23,244.0
BATCH-20260512-065,2026-05-12,Post-Intervention,"6"" 90",24,228.0
BATCH-20260512-065,2026-05-12,Post-Intervention,"6"" 90",25,270.0
BATCH-20260512-065,2026-05-12,Post-Intervention,"6"" 90",26,252.0
BATCH-20260512-065,2026-05-12,Post-Intervention,"6"" 90",27,237.0
BATCH-20260512-065,2026-05-12,Post-Intervention,"6"" 90",28,233.0
BATCH-20260512-065,2026-05-12,Post-Intervention,"6"" 90",29,253.0
BATCH-20260512-065,2026-05-12,Post-Intervention,"6"" 90",30,246.0
BATCH-20260512-065,2026-05-12,Post-Intervention,"6"" 90",31,228.0
BATCH-20260512-065,2026-05-12,Post-Intervention,"6"" 90",32,231.0
BATCH-20260512-065,2026-05-12,Post-Intervention,"6"" 90",33,257.0
BATCH-20260512-065,2026-05-12,Post-Intervention,"6"" 90",34,260.0
BATCH-20260512-065,2026-05-12,Post-Intervention,"6"" 90",35,257.0
BATCH-20260512-065,2026-05-12,Post-Intervention,"6"" 90",36,233.0
BATCH-20260512-065,2026-05-12,Post-Intervention,"6"" 90",37,262.0
BATCH-20260512-065,2026-05-12,Post-Intervention,"6"" 90",38,267.0
BATCH-20260512-065,2026-05-12,Post-Intervention,"6"" 90",39,238.0
BATCH-20260512-065,2026-05-12,Post-Intervention,"6"" 90",40,245.0
BATCH-20260512-065,2026-05-12,Post-Intervention,"6"" 90",41,261.0
BATCH-20260512-065,2026-05-12,Post-Intervention,"6"" 90",42,230.0
BATCH-20260512-065,2026-05-12,Post-Intervention,"6"" 90",43,255.0
BATCH-20260512-065,2026-05-12,Post-Intervention,"6"" 90",44,233.0
BATCH-20260512-065,2026-05-12,Post-Intervention,"6"" 90",45,252.0
BATCH-20260512-065,2026-05-12,Post-Intervention,"6"" 90",46,252.0
BATCH-20260512-065,2026-05-12,Post-Intervention,"6"" 90",47,243.0
BATCH-20260512-065,2026-05-12,Post-Intervention,"6"" 90",48,235.0
BATCH-20260512-065,2026-05-12,Post-Intervention,"6"" 90",49,233.0
BATCH-20260512-065,2026-05-12,Post-Intervention,"6"" 90",50,267.0
BATCH-20260512-065,2026-05-12,Post-Intervention,"6"" 90",51,255.0
BATCH-20260512-065,2026-05-12,Post-Intervention,"6"" 90",52,259.0
BATCH-20260512-065,2026-05-12,Post-Intervention,"6"" 90",53,238.0
BATCH-20260512-065,2026-05-12,Post-Intervention,"6"" 90",54,227.0
BATCH-20260512-065,2026-05-12,Post-Intervention,"6"" 90",55,266.0
BATCH-20260512-065,2026-05-12,Post-Intervention,"6"" 90",56,251.0
BATCH-20260512-065,2026-05-12,Post-Intervention,"6"" 90",57,232.0
BATCH-20260512-065,2026-05-12,Post-Intervention,"6"" 90",58,236.0
BATCH-20260512-065,2026-05-12,Post-Intervention,"6"" 90",59,270.0
BATCH-20260512-065,2026-05-12,Post-Intervention,"6"" 90",60,228.0
BATCH-20260512-065,2026-05-12,Post-Intervention,"6"" 90",61,249.0
BATCH-20260512-065,2026-05-12,Post-Intervention,"6"" 90",62,240.0
BATCH-20260512-065,2026-05-12,Post-Intervention,"6"" 90",63,264.0
BATCH-20260512-065,2026-05-12,Post-Intervention,"6"" 90",64,266.0
BATCH-20260512-065,2026-05-12,Post-Intervention,"6"" 90",65,249.0
BATCH-20260512-065,2026-05-12,Post-Intervention,"6"" 90",66,261.0
BATCH-20260512-065,2026-05-12,Post-Intervention,"6"" 90",67,252.0
BATCH-20260513-066,2026-05-13,Post-Intervention,"6"" 90",1,244.0
BATCH-20260513-066,2026-05-13,Post-Intervention,"6"" 90",2,245.0
BATCH-20260513-066,2026-05-13,Post-Intervention,"6"" 90",3,255.0
BATCH-20260513-066,2026-05-13,Post-Intervention,"6"" 90",4,242.0
BATCH-20260513-066,2026-05-13,Post-Intervention,"6"" 90",5,263.0
BATCH-20260513-066,2026-05-13,Post-Intervention,"6"" 90",6,253.0
BATCH-20260513-066,2026-05-13,Post-Intervention,"6"" 90",7,254.0
BATCH-20260513-066,2026-05-13,Post-Intervention,"6"" 90",8,246.0
BATCH-20260513-066,2026-05-13,Post-Intervention,"6"" 90",9,239.0
BATCH-20260513-066,2026-05-13,Post-Intervention,"6"" 90",10,248.0
BATCH-20260513-066,2026-05-13,Post-Intervention,"6"" 90",11,239.0
BATCH-20260513-066,2026-05-13,Post-Intervention,"6"" 90",12,249.0
BATCH-20260513-066,2026-05-13,Post-Intervention,"6"" 90",13,242.0
BATCH-20260513-066,2026-05-13,Post-Intervention,"6"" 90",14,247.0
BATCH-20260513-066,2026-05-13,Post-Intervention,"6"" 90",15,239.0
BATCH-20260513-066,2026-05-13,Post-Intervention,"6"" 90",16,262.0
BATCH-20260513-066,2026-05-13,Post-Intervention,"6"" 90",17,252.0
BATCH-20260513-066,2026-05-13,Post-Intervention,"6"" 90",18,266.0
BATCH-20260513-066,2026-05-13,Post-Intervention,"6"" 90",19,247.0
BATCH-20260513-066,2026-05-13,Post-Intervention,"6"" 90",20,256.0
BATCH-20260513-066,2026-05-13,Post-Intervention,"6"" 90",21,250.0
BATCH-20260513-066,2026-05-13,Post-Intervention,"6"" 90",22,237.0
BATCH-20260513-066,2026-05-13,Post-Intervention,"6"" 90",23,262.0
BATCH-20260513-066,2026-05-13,Post-Intervention,"6"" 90",24,267.0
BATCH-20260513-066,2026-05-13,Post-Intervention,"6"" 90",25,256.0
BATCH-20260513-066,2026-05-13,Post-Intervention,"6"" 90",26,262.0
BATCH-20260513-066,2026-05-13,Post-Intervention,"6"" 90",27,251.0
BATCH-20260513-066,2026-05-13,Post-Intervention,"6"" 90",28,255.0
BATCH-20260513-066,2026-05-13,Post-Intervention,"6"" 90",29,252.0
BATCH-20260513-066,2026-05-13,Post-Intervention,"6"" 90",30,269.0
BATCH-20260513-066,2026-05-13,Post-Intervention,"6"" 90",31,236.0
BATCH-20260513-066,2026-05-13,Post-Intervention,"6"" 90",32,236.0
BATCH-20260513-066,2026-05-13,Post-Intervention,"6"" 90",33,242.0
BATCH-20260513-066,2026-05-13,Post-Intervention,"6"" 90",34,262.0
BATCH-20260513-066,2026-05-13,Post-Intervention,"6"" 90",35,249.0
BATCH-20260513-066,2026-05-13,Post-Intervention,"6"" 90",36,237.0
BATCH-20260513-066,2026-05-13,Post-Intervention,"6"" 90",37,247.0
BATCH-20260513-066,2026-05-13,Post-Intervention,"6"" 90",38,246.0
BATCH-20260513-066,2026-05-13,Post-Intervention,"6"" 90",39,241.0
BATCH-20260513-066,2026-05-13,Post-Intervention,"6"" 90",40,255.0
BATCH-20260513-066,2026-05-13,Post-Intervention,"6"" 90",41,217.0
BATCH-20260513-066,2026-05-13,Post-Intervention,"6"" 90",42,243.0
BATCH-20260513-066,2026-05-13,Post-Intervention,"6"" 90",43,224.0
BATCH-20260513-066,2026-05-13,Post-Intervention,"6"" 90",44,229.0
BATCH-20260513-066,2026-05-13,Post-Intervention,"6"" 90",45,230.0
BATCH-20260513-066,2026-05-13,Post-Intervention,"6"" 90",46,237.0
BATCH-20260513-066,2026-05-13,Post-Intervention,"6"" 90",47,253.0
BATCH-20260513-066,2026-05-13,Post-Intervention,"6"" 90",48,245.0
BATCH-20260513-066,2026-05-13,Post-Intervention,"6"" 90",49,236.0
BATCH-20260513-066,2026-05-13,Post-Intervention,"6"" 90",50,248.0
BATCH-20260513-066,2026-05-13,Post-Intervention,"6"" 90",51,240.0
BATCH-20260513-066,2026-05-13,Post-Intervention,"6"" 90",52,254.0
BATCH-20260513-066,2026-05-13,Post-Intervention,"6"" 90",53,235.0
BATCH-20260513-066,2026-05-13,Post-Intervention,"6"" 90",54,218.0
BATCH-20260513-066,2026-05-13,Post-Intervention,"6"" 90",55,256.0
BATCH-20260513-066,2026-05-13,Post-Intervention,"6"" 90",56,233.0
BATCH-20260513-066,2026-05-13,Post-Intervention,"6"" 90",57,224.0
BATCH-20260513-066,2026-05-13,Post-Intervention,"6"" 90",58,241.0
BATCH-20260513-066,2026-05-13,Post-Intervention,"6"" 90",59,229.0
BATCH-20260513-066,2026-05-13,Post-Intervention,"6"" 90",60,231.0
BATCH-20260513-066,2026-05-13,Post-Intervention,"6"" 90",61,243.0
BATCH-20260513-066,2026-05-13,Post-Intervention,"6"" 90",62,245.0
BATCH-20260513-066,2026-05-13,Post-Intervention,"6"" 90",63,255.0
BATCH-20260513-066,2026-05-13,Post-Intervention,"6"" 90",64,238.0
BATCH-20260513-066,2026-05-13,Post-Intervention,"6"" 90",65,236.0
BATCH-20260513-066,2026-05-13,Post-Intervention,"6"" 90",66,257.0
BATCH-20260513-066,2026-05-13,Post-Intervention,"6"" 90",67,255.0
BATCH-20260513-066,2026-05-13,Post-Intervention,"6"" 90",68,243.0
BATCH-20260513-066,2026-05-13,Post-Intervention,"6"" 90",69,241.0
BATCH-20260513-066,2026-05-13,Post-Intervention,"6"" 90",70,238.0
BATCH-20260513-066,2026-05-13,Post-Intervention,"6"" 90",71,257.0
BATCH-20260513-066,2026-05-13,Post-Intervention,"6"" 90",72,240.0
BATCH-20260513-066,2026-05-13,Post-Intervention,"6"" 90",73,222.0
BATCH-20260513-066,2026-05-13,Post-Intervention,"6"" 90",74,227.0
BATCH-20260513-066,2026-05-13,Post-Intervention,"6"" 90",75,229.0
BATCH-20260518-067,2026-05-18,Post-Intervention,"6"" 90",1,249.0
BATCH-20260518-067,2026-05-18,Post-Intervention,"6"" 90",2,254.0
BATCH-20260518-067,2026-05-18,Post-Intervention,"6"" 90",3,242.0
BATCH-20260518-067,2026-05-18,Post-Intervention,"6"" 90",4,260.0
BATCH-20260518-067,2026-05-18,Post-Intervention,"6"" 90",5,250.0
BATCH-20260518-067,2026-05-18,Post-Intervention,"6"" 90",6,268.0
BATCH-20260518-067,2026-05-18,Post-Intervention,"6"" 90",7,253.0
BATCH-20260518-067,2026-05-18,Post-Intervention,"6"" 90",8,256.0
BATCH-20260518-067,2026-05-18,Post-Intervention,"6"" 90",9,259.0
BATCH-20260518-067,2026-05-18,Post-Intervention,"6"" 90",10,244.0
BATCH-20260518-067,2026-05-18,Post-Intervention,"6"" 90",11,265.0
BATCH-20260518-067,2026-05-18,Post-Intervention,"6"" 90",12,267.0
BATCH-20260518-067,2026-05-18,Post-Intervention,"6"" 90",13,260.0
BATCH-20260518-067,2026-05-18,Post-Intervention,"6"" 90",14,240.0
BATCH-20260518-067,2026-05-18,Post-Intervention,"6"" 90",15,269.0
BATCH-20260518-067,2026-05-18,Post-Intervention,"6"" 90",16,259.0
BATCH-20260518-067,2026-05-18,Post-Intervention,"6"" 90",17,248.0
BATCH-20260518-067,2026-05-18,Post-Intervention,"6"" 90",18,264.0
BATCH-20260518-067,2026-05-18,Post-Intervention,"6"" 90",19,264.0
BATCH-20260518-067,2026-05-18,Post-Intervention,"6"" 90",20,249.0
BATCH-20260518-067,2026-05-18,Post-Intervention,"6"" 90",21,237.0
BATCH-20260518-067,2026-05-18,Post-Intervention,"6"" 90",22,242.0
BATCH-20260518-067,2026-05-18,Post-Intervention,"6"" 90",23,249.0
BATCH-20260518-067,2026-05-18,Post-Intervention,"6"" 90",24,254.0
BATCH-20260518-067,2026-05-18,Post-Intervention,"6"" 90",25,266.0
BATCH-20260518-067,2026-05-18,Post-Intervention,"6"" 90",26,254.0
BATCH-20260518-067,2026-05-18,Post-Intervention,"6"" 90",27,237.0
BATCH-20260518-067,2026-05-18,Post-Intervention,"6"" 90",28,263.0
BATCH-20260518-067,2026-05-18,Post-Intervention,"6"" 90",29,245.0
BATCH-20260518-067,2026-05-18,Post-Intervention,"6"" 90",30,268.0
BATCH-20260518-067,2026-05-18,Post-Intervention,"6"" 90",31,262.0
BATCH-20260518-067,2026-05-18,Post-Intervention,"6"" 90",32,267.0
BATCH-20260518-067,2026-05-18,Post-Intervention,"6"" 90",33,267.0
BATCH-20260518-067,2026-05-18,Post-Intervention,"6"" 90",34,259.0
BATCH-20260518-067,2026-05-18,Post-Intervention,"6"" 90",35,246.0
BATCH-20260518-067,2026-05-18,Post-Intervention,"6"" 90",36,237.0
BATCH-20260518-067,2026-05-18,Post-Intervention,"6"" 90",37,246.0
BATCH-20260518-067,2026-05-18,Post-Intervention,"6"" 90",38,250.0
BATCH-20260518-067,2026-05-18,Post-Intervention,"6"" 90",39,259.0
BATCH-20260518-067,2026-05-18,Post-Intervention,"6"" 90",40,257.0
BATCH-20260518-067,2026-05-18,Post-Intervention,"6"" 90",41,222.0
BATCH-20260518-067,2026-05-18,Post-Intervention,"6"" 90",42,238.0
BATCH-20260518-067,2026-05-18,Post-Intervention,"6"" 90",43,249.0
BATCH-20260518-067,2026-05-18,Post-Intervention,"6"" 90",44,215.0
BATCH-20260518-067,2026-05-18,Post-Intervention,"6"" 90",45,226.0
BATCH-20260518-067,2026-05-18,Post-Intervention,"6"" 90",46,216.0
BATCH-20260518-067,2026-05-18,Post-Intervention,"6"" 90",47,237.0
BATCH-20260518-067,2026-05-18,Post-Intervention,"6"" 90",48,241.0
BATCH-20260518-067,2026-05-18,Post-Intervention,"6"" 90",49,225.0
BATCH-20260518-067,2026-05-18,Post-Intervention,"6"" 90",50,249.0
BATCH-20260518-067,2026-05-18,Post-Intervention,"6"" 90",51,224.0
BATCH-20260518-067,2026-05-18,Post-Intervention,"6"" 90",52,243.0
BATCH-20260518-067,2026-05-18,Post-Intervention,"6"" 90",53,224.0
BATCH-20260518-067,2026-05-18,Post-Intervention,"6"" 90",54,226.0
BATCH-20260518-067,2026-05-18,Post-Intervention,"6"" 90",55,250.0
BATCH-20260518-067,2026-05-18,Post-Intervention,"6"" 90",56,230.0
BATCH-20260518-067,2026-05-18,Post-Intervention,"6"" 90",57,259.0
BATCH-20260518-067,2026-05-18,Post-Intervention,"6"" 90",58,246.0
BATCH-20260518-067,2026-05-18,Post-Intervention,"6"" 90",59,230.0
BATCH-20260518-067,2026-05-18,Post-Intervention,"6"" 90",60,222.0
BATCH-20260518-067,2026-05-18,Post-Intervention,"6"" 90",61,224.0
BATCH-20260518-067,2026-05-18,Post-Intervention,"6"" 90",62,236.0
BATCH-20260518-067,2026-05-18,Post-Intervention,"6"" 90",63,259.0
BATCH-20260518-067,2026-05-18,Post-Intervention,"6"" 90",64,237.0
BATCH-20260518-067,2026-05-18,Post-Intervention,"6"" 90",65,248.0
BATCH-20260518-067,2026-05-18,Post-Intervention,"6"" 90",66,249.0
BATCH-20260518-067,2026-05-18,Post-Intervention,"6"" 90",67,260.0
BATCH-20260518-067,2026-05-18,Post-Intervention,"6"" 90",68,244.0
BATCH-20260518-067,2026-05-18,Post-Intervention,"6"" 90",69,254.0
BATCH-20260518-067,2026-05-18,Post-Intervention,"6"" 90",70,255.0
BATCH-20260518-067,2026-05-18,Post-Intervention,"6"" 90",71,247.0
BATCH-20260518-067,2026-05-18,Post-Intervention,"6"" 90",72,248.0
BATCH-20260518-067,2026-05-18,Post-Intervention,"6"" 90",73,250.0
BATCH-20260518-067,2026-05-18,Post-Intervention,"6"" 90",74,247.0
BATCH-20260518-067,2026-05-18,Post-Intervention,"6"" 90",75,223.0
BATCH-20260518-067,2026-05-18,Post-Intervention,"6"" 90",76,246.0
BATCH-20260518-067,2026-05-18,Post-Intervention,"6"" 90",77,231.0
BATCH-20260519-068,2026-05-19,Post-Intervention,"6"" 90",1,238.0
BATCH-20260519-068,2026-05-19,Post-Intervention,"6"" 90",2,253.0
BATCH-20260519-068,2026-05-19,Post-Intervention,"6"" 90",3,242.0
BATCH-20260519-068,2026-05-19,Post-Intervention,"6"" 90",4,253.0
BATCH-20260519-068,2026-05-19,Post-Intervention,"6"" 90",5,253.0
BATCH-20260519-068,2026-05-19,Post-Intervention,"6"" 90",6,243.0
BATCH-20260519-068,2026-05-19,Post-Intervention,"6"" 90",7,244.0
BATCH-20260519-068,2026-05-19,Post-Intervention,"6"" 90",8,239.0
BATCH-20260519-068,2026-05-19,Post-Intervention,"6"" 90",9,266.0
BATCH-20260519-068,2026-05-19,Post-Intervention,"6"" 90",10,267.0
BATCH-20260519-068,2026-05-19,Post-Intervention,"6"" 90",11,262.0
BATCH-20260519-068,2026-05-19,Post-Intervention,"6"" 90",12,237.0
BATCH-20260519-068,2026-05-19,Post-Intervention,"6"" 90",13,237.0
BATCH-20260519-068,2026-05-19,Post-Intervention,"6"" 90",14,243.0
BATCH-20260519-068,2026-05-19,Post-Intervention,"6"" 90",15,258.0
BATCH-20260519-068,2026-05-19,Post-Intervention,"6"" 90",16,260.0
BATCH-20260519-068,2026-05-19,Post-Intervention,"6"" 90",17,246.0
BATCH-20260519-068,2026-05-19,Post-Intervention,"6"" 90",18,261.0
BATCH-20260519-068,2026-05-19,Post-Intervention,"6"" 90",19,252.0
BATCH-20260519-068,2026-05-19,Post-Intervention,"6"" 90",20,257.0
BATCH-20260519-068,2026-05-19,Post-Intervention,"6"" 90",21,260.0
BATCH-20260519-068,2026-05-19,Post-Intervention,"6"" 90",22,264.0
BATCH-20260519-068,2026-05-19,Post-Intervention,"6"" 90",23,248.0
BATCH-20260519-068,2026-05-19,Post-Intervention,"6"" 90",24,241.0
BATCH-20260519-068,2026-05-19,Post-Intervention,"6"" 90",25,241.0
BATCH-20260519-068,2026-05-19,Post-Intervention,"6"" 90",26,240.0
BATCH-20260519-068,2026-05-19,Post-Intervention,"6"" 90",27,266.0
BATCH-20260519-068,2026-05-19,Post-Intervention,"6"" 90",28,268.0
BATCH-20260519-068,2026-05-19,Post-Intervention,"6"" 90",29,268.0
BATCH-20260519-068,2026-05-19,Post-Intervention,"6"" 90",30,257.0
BATCH-20260519-068,2026-05-19,Post-Intervention,"6"" 90",31,256.0
BATCH-20260519-068,2026-05-19,Post-Intervention,"6"" 90",32,248.0
BATCH-20260519-068,2026-05-19,Post-Intervention,"6"" 90",33,237.0
BATCH-20260519-068,2026-05-19,Post-Intervention,"6"" 90",34,242.0
BATCH-20260519-068,2026-05-19,Post-Intervention,"6"" 90",35,240.0
BATCH-20260519-068,2026-05-19,Post-Intervention,"6"" 90",36,233.0
BATCH-20260519-068,2026-05-19,Post-Intervention,"6"" 90",37,250.0
BATCH-20260519-068,2026-05-19,Post-Intervention,"6"" 90",38,217.0
BATCH-20260519-068,2026-05-19,Post-Intervention,"6"" 90",39,227.0
BATCH-20260519-068,2026-05-19,Post-Intervention,"6"" 90",40,222.0
BATCH-20260519-068,2026-05-19,Post-Intervention,"6"" 90",41,228.0
BATCH-20260519-068,2026-05-19,Post-Intervention,"6"" 90",42,247.0
BATCH-20260519-068,2026-05-19,Post-Intervention,"6"" 90",43,221.0
BATCH-20260519-068,2026-05-19,Post-Intervention,"6"" 90",44,252.0
BATCH-20260519-068,2026-05-19,Post-Intervention,"6"" 90",45,218.0
BATCH-20260519-068,2026-05-19,Post-Intervention,"6"" 90",46,249.0
BATCH-20260519-068,2026-05-19,Post-Intervention,"6"" 90",47,256.0
BATCH-20260519-068,2026-05-19,Post-Intervention,"6"" 90",48,219.0
BATCH-20260519-068,2026-05-19,Post-Intervention,"6"" 90",49,224.0
BATCH-20260519-068,2026-05-19,Post-Intervention,"6"" 90",50,259.0
BATCH-20260519-068,2026-05-19,Post-Intervention,"6"" 90",51,223.0
BATCH-20260519-068,2026-05-19,Post-Intervention,"6"" 90",52,252.0
BATCH-20260519-068,2026-05-19,Post-Intervention,"6"" 90",53,232.0
BATCH-20260519-068,2026-05-19,Post-Intervention,"6"" 90",54,235.0
BATCH-20260519-068,2026-05-19,Post-Intervention,"6"" 90",55,221.0
BATCH-20260519-068,2026-05-19,Post-Intervention,"6"" 90",56,258.0
BATCH-20260519-068,2026-05-19,Post-Intervention,"6"" 90",57,247.0
BATCH-20260519-068,2026-05-19,Post-Intervention,"6"" 90",58,224.0
BATCH-20260519-068,2026-05-19,Post-Intervention,"6"" 90",59,224.0
BATCH-20260519-068,2026-05-19,Post-Intervention,"6"" 90",60,241.0
BATCH-20260519-068,2026-05-19,Post-Intervention,"6"" 90",61,233.0
BATCH-20260519-068,2026-05-19,Post-Intervention,"6"" 90",62,251.0
BATCH-20260519-068,2026-05-19,Post-Intervention,"6"" 90",63,254.0
BATCH-20260519-068,2026-05-19,Post-Intervention,"6"" 90",64,260.0
BATCH-20260519-068,2026-05-19,Post-Intervention,"6"" 90",65,241.0
BATCH-20260519-068,2026-05-19,Post-Intervention,"6"" 90",66,252.0
BATCH-20260519-068,2026-05-19,Post-Intervention,"6"" 90",67,239.0
BATCH-20260519-068,2026-05-19,Post-Intervention,"6"" 90",68,235.0
BATCH-20260519-068,2026-05-19,Post-Intervention,"6"" 90",69,235.0
BATCH-20260519-068,2026-05-19,Post-Intervention,"6"" 90",70,241.0
BATCH-20260519-068,2026-05-19,Post-Intervention,"6"" 90",71,259.0
BATCH-20260519-068,2026-05-19,Post-Intervention,"6"" 90",72,257.0
BATCH-20260519-068,2026-05-19,Post-Intervention,"6"" 90",73,233.0
BATCH-20260520-069,2026-05-20,Post-Intervention,"6"" 90",1,230.0
BATCH-20260520-069,2026-05-20,Post-Intervention,"6"" 90",2,242.0
BATCH-20260520-069,2026-05-20,Post-Intervention,"6"" 90",3,231.0
BATCH-20260520-069,2026-05-20,Post-Intervention,"6"" 90",4,246.0
BATCH-20260520-069,2026-05-20,Post-Intervention,"6"" 90",5,233.0
BATCH-20260520-069,2026-05-20,Post-Intervention,"6"" 90",6,249.0
BATCH-20260520-069,2026-05-20,Post-Intervention,"6"" 90",7,232.0
BATCH-20260520-069,2026-05-20,Post-Intervention,"6"" 90",8,245.0
BATCH-20260520-069,2026-05-20,Post-Intervention,"6"" 90",9,231.0
BATCH-20260520-069,2026-05-20,Post-Intervention,"6"" 90",10,241.0
BATCH-20260520-069,2026-05-20,Post-Intervention,"6"" 90",11,255.0
BATCH-20260520-069,2026-05-20,Post-Intervention,"6"" 90",12,229.0
BATCH-20260520-069,2026-05-20,Post-Intervention,"6"" 90",13,240.0
BATCH-20260520-069,2026-05-20,Post-Intervention,"6"" 90",14,266.0
BATCH-20260520-069,2026-05-20,Post-Intervention,"6"" 90",15,255.0
BATCH-20260520-069,2026-05-20,Post-Intervention,"6"" 90",16,224.0
BATCH-20260520-069,2026-05-20,Post-Intervention,"6"" 90",17,230.0
BATCH-20260520-069,2026-05-20,Post-Intervention,"6"" 90",18,252.0
BATCH-20260520-069,2026-05-20,Post-Intervention,"6"" 90",19,260.0
BATCH-20260520-069,2026-05-20,Post-Intervention,"6"" 90",20,245.0
BATCH-20260520-069,2026-05-20,Post-Intervention,"6"" 90",21,232.0
BATCH-20260520-069,2026-05-20,Post-Intervention,"6"" 90",22,264.0
BATCH-20260520-069,2026-05-20,Post-Intervention,"6"" 90",23,229.0
BATCH-20260520-069,2026-05-20,Post-Intervention,"6"" 90",24,240.0
BATCH-20260520-069,2026-05-20,Post-Intervention,"6"" 90",25,227.0
BATCH-20260520-069,2026-05-20,Post-Intervention,"6"" 90",26,258.0
BATCH-20260520-069,2026-05-20,Post-Intervention,"6"" 90",27,260.0
BATCH-20260520-069,2026-05-20,Post-Intervention,"6"" 90",28,221.0
BATCH-20260520-069,2026-05-20,Post-Intervention,"6"" 90",29,267.0
BATCH-20260520-069,2026-05-20,Post-Intervention,"6"" 90",30,229.0
BATCH-20260520-069,2026-05-20,Post-Intervention,"6"" 90",31,230.0
BATCH-20260520-069,2026-05-20,Post-Intervention,"6"" 90",32,233.0
BATCH-20260520-069,2026-05-20,Post-Intervention,"6"" 90",33,253.0
BATCH-20260520-069,2026-05-20,Post-Intervention,"6"" 90",34,265.0
BATCH-20260520-069,2026-05-20,Post-Intervention,"6"" 90",35,241.0
BATCH-20260520-069,2026-05-20,Post-Intervention,"6"" 90",36,232.0
BATCH-20260520-069,2026-05-20,Post-Intervention,"6"" 90",37,246.0
BATCH-20260520-069,2026-05-20,Post-Intervention,"6"" 90",38,229.0
BATCH-20260520-069,2026-05-20,Post-Intervention,"6"" 90",39,264.0
BATCH-20260520-069,2026-05-20,Post-Intervention,"6"" 90",40,265.0
BATCH-20260520-069,2026-05-20,Post-Intervention,"6"" 90",41,242.0
BATCH-20260520-069,2026-05-20,Post-Intervention,"6"" 90",42,256.0
BATCH-20260520-069,2026-05-20,Post-Intervention,"6"" 90",43,240.0
BATCH-20260520-069,2026-05-20,Post-Intervention,"6"" 90",44,237.0
BATCH-20260520-069,2026-05-20,Post-Intervention,"6"" 90",45,249.0
BATCH-20260520-069,2026-05-20,Post-Intervention,"6"" 90",46,269.0
BATCH-20260520-069,2026-05-20,Post-Intervention,"6"" 90",47,263.0
BATCH-20260520-069,2026-05-20,Post-Intervention,"6"" 90",48,236.0
BATCH-20260520-069,2026-05-20,Post-Intervention,"6"" 90",49,238.0
BATCH-20260520-069,2026-05-20,Post-Intervention,"6"" 90",50,222.0
BATCH-20260520-069,2026-05-20,Post-Intervention,"6"" 90",51,232.0
BATCH-20260520-069,2026-05-20,Post-Intervention,"6"" 90",52,253.0
BATCH-20260520-069,2026-05-20,Post-Intervention,"6"" 90",53,233.0
BATCH-20260522-070,2026-05-22,Post-Intervention,"6"" 90",1,226.0
BATCH-20260522-070,2026-05-22,Post-Intervention,"6"" 90",2,240.0
BATCH-20260522-070,2026-05-22,Post-Intervention,"6"" 90",3,238.0
BATCH-20260522-070,2026-05-22,Post-Intervention,"6"" 90",4,246.0
BATCH-20260522-070,2026-05-22,Post-Intervention,"6"" 90",5,233.0
BATCH-20260522-070,2026-05-22,Post-Intervention,"6"" 90",6,234.0
BATCH-20260522-070,2026-05-22,Post-Intervention,"6"" 90",7,245.0
BATCH-20260522-070,2026-05-22,Post-Intervention,"6"" 90",8,234.0
BATCH-20260522-070,2026-05-22,Post-Intervention,"6"" 90",9,232.0
BATCH-20260522-070,2026-05-22,Post-Intervention,"6"" 90",10,237.0
BATCH-20260522-070,2026-05-22,Post-Intervention,"6"" 90",11,263.0
BATCH-20260522-070,2026-05-22,Post-Intervention,"6"" 90",12,260.0
BATCH-20260522-070,2026-05-22,Post-Intervention,"6"" 90",13,260.0
BATCH-20260522-070,2026-05-22,Post-Intervention,"6"" 90",14,264.0
BATCH-20260522-070,2026-05-22,Post-Intervention,"6"" 90",15,258.0
BATCH-20260522-070,2026-05-22,Post-Intervention,"6"" 90",16,228.0
BATCH-20260522-070,2026-05-22,Post-Intervention,"6"" 90",17,249.0
BATCH-20260522-070,2026-05-22,Post-Intervention,"6"" 90",18,227.0
BATCH-20260522-070,2026-05-22,Post-Intervention,"6"" 90",19,244.0
BATCH-20260522-070,2026-05-22,Post-Intervention,"6"" 90",20,253.0
BATCH-20260522-070,2026-05-22,Post-Intervention,"6"" 90",21,231.0
BATCH-20260522-070,2026-05-22,Post-Intervention,"6"" 90",22,251.0
BATCH-20260522-070,2026-05-22,Post-Intervention,"6"" 90",23,256.0
BATCH-20260522-070,2026-05-22,Post-Intervention,"6"" 90",24,260.0
BATCH-20260522-070,2026-05-22,Post-Intervention,"6"" 90",25,256.0
BATCH-20260522-070,2026-05-22,Post-Intervention,"6"" 90",26,259.0
BATCH-20260522-070,2026-05-22,Post-Intervention,"6"" 90",27,236.0
BATCH-20260522-070,2026-05-22,Post-Intervention,"6"" 90",28,247.0
BATCH-20260522-070,2026-05-22,Post-Intervention,"6"" 90",29,249.0
BATCH-20260522-070,2026-05-22,Post-Intervention,"6"" 90",30,246.0
BATCH-20260522-070,2026-05-22,Post-Intervention,"6"" 90",31,264.0
BATCH-20260522-070,2026-05-22,Post-Intervention,"6"" 90",32,262.0
BATCH-20260522-070,2026-05-22,Post-Intervention,"6"" 90",33,233.0
BATCH-20260522-070,2026-05-22,Post-Intervention,"6"" 90",34,255.0
BATCH-20260522-070,2026-05-22,Post-Intervention,"6"" 90",35,232.0
BATCH-20260522-070,2026-05-22,Post-Intervention,"6"" 90",36,242.0
BATCH-20260522-070,2026-05-22,Post-Intervention,"6"" 90",37,235.0
BATCH-20260522-070,2026-05-22,Post-Intervention,"6"" 90",38,258.0
BATCH-20260522-070,2026-05-22,Post-Intervention,"6"" 90",39,244.0
BATCH-20260522-070,2026-05-22,Post-Intervention,"6"" 90",40,263.0
BATCH-20260522-070,2026-05-22,Post-Intervention,"6"" 90",41,255.0
BATCH-20260522-070,2026-05-22,Post-Intervention,"6"" 90",42,236.0
BATCH-20260522-070,2026-05-22,Post-Intervention,"6"" 90",43,244.0
BATCH-20260522-070,2026-05-22,Post-Intervention,"6"" 90",44,266.0
BATCH-20260522-070,2026-05-22,Post-Intervention,"6"" 90",45,249.0
BATCH-20260522-070,2026-05-22,Post-Intervention,"6"" 90",46,250.0
BATCH-20260522-070,2026-05-22,Post-Intervention,"6"" 90",47,261.0
BATCH-20260522-070,2026-05-22,Post-Intervention,"6"" 90",48,267.0
BATCH-20260522-070,2026-05-22,Post-Intervention,"6"" 90",49,245.0
BATCH-20260522-070,2026-05-22,Post-Intervention,"6"" 90",50,236.0
BATCH-20260522-070,2026-05-22,Post-Intervention,"6"" 90",51,235.0
BATCH-20260522-070,2026-05-22,Post-Intervention,"6"" 90",52,266.0
BATCH-20260522-070,2026-05-22,Post-Intervention,"6"" 90",53,225.0
BATCH-20260522-070,2026-05-22,Post-Intervention,"6"" 90",54,249.0
BATCH-20260522-070,2026-05-22,Post-Intervention,"6"" 90",55,227.0
BATCH-20260522-070,2026-05-22,Post-Intervention,"6"" 90",56,244.0
BATCH-20260522-070,2026-05-22,Post-Intervention,"6"" 90",57,259.0
BATCH-20260522-070,2026-05-22,Post-Intervention,"6"" 90",58,260.0
BATCH-20260522-070,2026-05-22,Post-Intervention,"6"" 90",59,240.0
BATCH-20260522-070,2026-05-22,Post-Intervention,"6"" 90",60,248.0
BATCH-20260522-070,2026-05-22,Post-Intervention,"6"" 90",61,239.0
BATCH-20260522-070,2026-05-22,Post-Intervention,"6"" 90",62,227.0
BATCH-20260522-070,2026-05-22,Post-Intervention,"6"" 90",63,231.0
BATCH-20260522-070,2026-05-22,Post-Intervention,"6"" 90",64,237.0
BATCH-20260522-070,2026-05-22,Post-Intervention,"6"" 90",65,240.0
BATCH-20260522-070,2026-05-22,Post-Intervention,"6"" 90",66,236.0
BATCH-20260522-070,2026-05-22,Post-Intervention,"6"" 90",67,253.0
BATCH-20260701-071,2026-07-01,Post-Intervention,"8"" 50",1,241.0
BATCH-20260701-071,2026-07-01,Post-Intervention,"8"" 50",2,245.0
BATCH-20260701-071,2026-07-01,Post-Intervention,"8"" 50",3,234.0
BATCH-20260701-071,2026-07-01,Post-Intervention,"8"" 50",4,237.0
BATCH-20260701-071,2026-07-01,Post-Intervention,"8"" 50",5,236.0
BATCH-20260701-071,2026-07-01,Post-Intervention,"8"" 50",6,234.0
BATCH-20260701-071,2026-07-01,Post-Intervention,"8"" 50",7,238.0
BATCH-20260701-071,2026-07-01,Post-Intervention,"8"" 50",8,247.0
BATCH-20260701-071,2026-07-01,Post-Intervention,"8"" 50",9,234.0
BATCH-20260701-071,2026-07-01,Post-Intervention,"8"" 50",10,239.0
BATCH-20260701-071,2026-07-01,Post-Intervention,"8"" 50",11,265.0
BATCH-20260701-071,2026-07-01,Post-Intervention,"8"" 50",12,265.0
BATCH-20260701-071,2026-07-01,Post-Intervention,"8"" 50",13,265.0
BATCH-20260701-071,2026-07-01,Post-Intervention,"8"" 50",14,239.0
BATCH-20260701-071,2026-07-01,Post-Intervention,"8"" 50",15,238.0
BATCH-20260701-071,2026-07-01,Post-Intervention,"8"" 50",16,245.0
BATCH-20260701-071,2026-07-01,Post-Intervention,"8"" 50",17,241.0
BATCH-20260701-071,2026-07-01,Post-Intervention,"8"" 50",18,250.0
BATCH-20260701-071,2026-07-01,Post-Intervention,"8"" 50",19,260.0
BATCH-20260701-071,2026-07-01,Post-Intervention,"8"" 50",20,258.0
BATCH-20260701-071,2026-07-01,Post-Intervention,"8"" 50",21,248.0
BATCH-20260701-071,2026-07-01,Post-Intervention,"8"" 50",22,254.0
BATCH-20260701-071,2026-07-01,Post-Intervention,"8"" 50",23,244.0
BATCH-20260701-071,2026-07-01,Post-Intervention,"8"" 50",24,232.0
BATCH-20260701-071,2026-07-01,Post-Intervention,"8"" 50",25,240.0
BATCH-20260701-071,2026-07-01,Post-Intervention,"8"" 50",26,230.0
BATCH-20260701-071,2026-07-01,Post-Intervention,"8"" 50",27,247.0
BATCH-20260701-071,2026-07-01,Post-Intervention,"8"" 50",28,249.0
BATCH-20260701-071,2026-07-01,Post-Intervention,"8"" 50",29,234.0
BATCH-20260701-071,2026-07-01,Post-Intervention,"8"" 50",30,247.0
BATCH-20260701-071,2026-07-01,Post-Intervention,"8"" 50",31,239.0
BATCH-20260701-071,2026-07-01,Post-Intervention,"8"" 50",32,258.0
BATCH-20260701-071,2026-07-01,Post-Intervention,"8"" 50",33,265.0
BATCH-20260702-072,2026-07-02,Post-Intervention,"8"" 50",1,246.0
BATCH-20260702-072,2026-07-02,Post-Intervention,"8"" 50",2,247.0
BATCH-20260702-072,2026-07-02,Post-Intervention,"8"" 50",3,247.0
BATCH-20260702-072,2026-07-02,Post-Intervention,"8"" 50",4,231.0
BATCH-20260702-072,2026-07-02,Post-Intervention,"8"" 50",5,238.0
BATCH-20260702-072,2026-07-02,Post-Intervention,"8"" 50",6,243.0
BATCH-20260702-072,2026-07-02,Post-Intervention,"8"" 50",7,246.0
BATCH-20260702-072,2026-07-02,Post-Intervention,"8"" 50",8,234.0
BATCH-20260720-073,2026-07-20,Post-Intervention,"8"" 50",1,254.0
BATCH-20260720-073,2026-07-20,Post-Intervention,"8"" 50",2,261.0
BATCH-20260720-073,2026-07-20,Post-Intervention,"8"" 50",3,249.0
BATCH-20260720-073,2026-07-20,Post-Intervention,"8"" 50",4,248.0
BATCH-20260624-074,2026-06-24,Post-Intervention,"8"" 50",1,254.0
BATCH-20260624-074,2026-06-24,Post-Intervention,"8"" 50",2,265.0
BATCH-20260630-075,2026-06-30,Post-Intervention,"8"" 50",1,227.0
BATCH-20260630-075,2026-06-30,Post-Intervention,"8"" 50",2,239.0
BATCH-20260630-075,2026-06-30,Post-Intervention,"8"" 50",3,226.0
BATCH-20260630-075,2026-06-30,Post-Intervention,"8"" 50",4,240.0
BATCH-20260630-075,2026-06-30,Post-Intervention,"8"" 50",5,220.0
BATCH-20260630-075,2026-06-30,Post-Intervention,"8"" 50",6,241.0
BATCH-20260630-075,2026-06-30,Post-Intervention,"8"" 50",7,251.0
BATCH-20260630-075,2026-06-30,Post-Intervention,"8"" 50",8,249.0
BATCH-20260630-075,2026-06-30,Post-Intervention,"8"" 50",9,237.0
BATCH-20260630-075,2026-06-30,Post-Intervention,"8"" 50",10,252.0
BATCH-20260630-075,2026-06-30,Post-Intervention,"8"" 50",11,237.0
BATCH-20260630-075,2026-06-30,Post-Intervention,"8"" 50",12,254.0
BATCH-20260630-075,2026-06-30,Post-Intervention,"8"" 50",13,239.0
BATCH-20260630-075,2026-06-30,Post-Intervention,"8"" 50",14,227.0
BATCH-20260630-075,2026-06-30,Post-Intervention,"8"" 50",15,252.0
BATCH-20260630-075,2026-06-30,Post-Intervention,"8"" 50",16,223.0
BATCH-20260630-075,2026-06-30,Post-Intervention,"8"" 50",17,244.0
BATCH-20260630-075,2026-06-30,Post-Intervention,"8"" 50",18,239.0
BATCH-20260630-075,2026-06-30,Post-Intervention,"8"" 50",19,244.0
BATCH-20260630-075,2026-06-30,Post-Intervention,"8"" 50",20,246.0
BATCH-20260630-075,2026-06-30,Post-Intervention,"8"" 50",21,230.0
BATCH-20260630-075,2026-06-30,Post-Intervention,"8"" 50",22,235.0
BATCH-20260630-075,2026-06-30,Post-Intervention,"8"" 50",23,249.0
BATCH-20260630-075,2026-06-30,Post-Intervention,"8"" 50",24,232.0
BATCH-20260630-075,2026-06-30,Post-Intervention,"8"" 50",25,239.0
BATCH-20260401-076,2026-04-01,Post-Intervention,"8"" 90",1,228.0
BATCH-20260401-076,2026-04-01,Post-Intervention,"8"" 90",2,251.0
BATCH-20260401-076,2026-04-01,Post-Intervention,"8"" 90",3,244.0
BATCH-20260401-076,2026-04-01,Post-Intervention,"8"" 90",4,227.0
BATCH-20260401-076,2026-04-01,Post-Intervention,"8"" 90",5,238.0
BATCH-20260401-076,2026-04-01,Post-Intervention,"8"" 90",6,238.0
BATCH-20260401-076,2026-04-01,Post-Intervention,"8"" 90",7,241.0
BATCH-20260401-076,2026-04-01,Post-Intervention,"8"" 90",8,228.0
BATCH-20260401-076,2026-04-01,Post-Intervention,"8"" 90",9,254.0
BATCH-20260401-076,2026-04-01,Post-Intervention,"8"" 90",10,233.0
BATCH-20260401-076,2026-04-01,Post-Intervention,"8"" 90",11,242.0
BATCH-20260401-076,2026-04-01,Post-Intervention,"8"" 90",12,245.0
BATCH-20260401-076,2026-04-01,Post-Intervention,"8"" 90",13,255.0
BATCH-20260401-076,2026-04-01,Post-Intervention,"8"" 90",14,231.0
BATCH-20260401-076,2026-04-01,Post-Intervention,"8"" 90",15,252.0
BATCH-20260401-076,2026-04-01,Post-Intervention,"8"" 90",16,238.0
BATCH-20260401-076,2026-04-01,Post-Intervention,"8"" 90",17,229.0
BATCH-20260401-076,2026-04-01,Post-Intervention,"8"" 90",18,234.0
BATCH-20260401-076,2026-04-01,Post-Intervention,"8"" 90",19,223.0
BATCH-20260401-076,2026-04-01,Post-Intervention,"8"" 90",20,244.0
BATCH-20260401-076,2026-04-01,Post-Intervention,"8"" 90",21,221.0
BATCH-20260401-076,2026-04-01,Post-Intervention,"8"" 90",22,246.0
BATCH-20260401-076,2026-04-01,Post-Intervention,"8"" 90",23,224.0
BATCH-20260401-076,2026-04-01,Post-Intervention,"8"" 90",24,239.0
BATCH-20260401-076,2026-04-01,Post-Intervention,"8"" 90",25,240.0
BATCH-20260401-076,2026-04-01,Post-Intervention,"8"" 90",26,236.0
BATCH-20260401-076,2026-04-01,Post-Intervention,"8"" 90",27,253.0
BATCH-20260401-076,2026-04-01,Post-Intervention,"8"" 90",28,248.0
BATCH-20260401-076,2026-04-01,Post-Intervention,"8"" 90",29,251.0
BATCH-20260401-076,2026-04-01,Post-Intervention,"8"" 90",30,251.0
BATCH-20260401-076,2026-04-01,Post-Intervention,"8"" 90",31,243.0
BATCH-20260401-076,2026-04-01,Post-Intervention,"8"" 90",32,227.0
BATCH-20260401-076,2026-04-01,Post-Intervention,"8"" 90",33,250.0
BATCH-20260401-076,2026-04-01,Post-Intervention,"8"" 90",34,229.0
BATCH-20260401-076,2026-04-01,Post-Intervention,"8"" 90",35,226.0
BATCH-20260401-076,2026-04-01,Post-Intervention,"8"" 90",36,253.0
BATCH-20260401-076,2026-04-01,Post-Intervention,"8"" 90",37,245.0
BATCH-20260401-076,2026-04-01,Post-Intervention,"8"" 90",38,241.0
BATCH-20260401-076,2026-04-01,Post-Intervention,"8"" 90",39,252.0
BATCH-20260401-076,2026-04-01,Post-Intervention,"8"" 90",40,255.0
BATCH-20260401-076,2026-04-01,Post-Intervention,"8"" 90",41,248.0
BATCH-20260401-076,2026-04-01,Post-Intervention,"8"" 90",42,235.0
BATCH-20260401-076,2026-04-01,Post-Intervention,"8"" 90",43,230.0
BATCH-20260401-076,2026-04-01,Post-Intervention,"8"" 90",44,227.0
BATCH-20260401-076,2026-04-01,Post-Intervention,"8"" 90",45,240.0
BATCH-20260401-076,2026-04-01,Post-Intervention,"8"" 90",46,235.0
BATCH-20260401-076,2026-04-01,Post-Intervention,"8"" 90",47,247.0
BATCH-20260401-076,2026-04-01,Post-Intervention,"8"" 90",48,236.0
BATCH-20260401-076,2026-04-01,Post-Intervention,"8"" 90",49,233.0
BATCH-20260401-076,2026-04-01,Post-Intervention,"8"" 90",50,244.0
BATCH-20260401-076,2026-04-01,Post-Intervention,"8"" 90",51,226.0
BATCH-20260401-076,2026-04-01,Post-Intervention,"8"" 90",52,240.0
BATCH-20260401-076,2026-04-01,Post-Intervention,"8"" 90",53,244.0
BATCH-20260401-076,2026-04-01,Post-Intervention,"8"" 90",54,224.0
BATCH-20260401-076,2026-04-01,Post-Intervention,"8"" 90",55,247.0
BATCH-20260401-076,2026-04-01,Post-Intervention,"8"" 90",56,253.0
BATCH-20260401-076,2026-04-01,Post-Intervention,"8"" 90",57,221.0
BATCH-20260401-076,2026-04-01,Post-Intervention,"8"" 90",58,254.0
BATCH-20260401-076,2026-04-01,Post-Intervention,"8"" 90",59,245.0
BATCH-20260401-076,2026-04-01,Post-Intervention,"8"" 90",60,259.0
BATCH-20260401-076,2026-04-01,Post-Intervention,"8"" 90",61,231.0
BATCH-20260401-076,2026-04-01,Post-Intervention,"8"" 90",62,244.0
BATCH-20260401-077,2026-04-01,Post-Intervention,"8"" 90",1,240.0
BATCH-20260401-077,2026-04-01,Post-Intervention,"8"" 90",2,236.0
BATCH-20260401-077,2026-04-01,Post-Intervention,"8"" 90",3,246.0
BATCH-20260401-077,2026-04-01,Post-Intervention,"8"" 90",4,238.0
BATCH-20260401-077,2026-04-01,Post-Intervention,"8"" 90",5,242.0
BATCH-20260401-077,2026-04-01,Post-Intervention,"8"" 90",6,230.0
BATCH-20260401-077,2026-04-01,Post-Intervention,"8"" 90",7,251.0
BATCH-20260401-077,2026-04-01,Post-Intervention,"8"" 90",8,251.0
BATCH-20260401-077,2026-04-01,Post-Intervention,"8"" 90",9,247.0
BATCH-20260401-077,2026-04-01,Post-Intervention,"8"" 90",10,245.0
BATCH-20260401-077,2026-04-01,Post-Intervention,"8"" 90",11,225.0
BATCH-20260401-077,2026-04-01,Post-Intervention,"8"" 90",12,252.0
BATCH-20260401-077,2026-04-01,Post-Intervention,"8"" 90",13,252.0
BATCH-20260401-077,2026-04-01,Post-Intervention,"8"" 90",14,234.0
BATCH-20260401-077,2026-04-01,Post-Intervention,"8"" 90",15,221.0
BATCH-20260401-077,2026-04-01,Post-Intervention,"8"" 90",16,224.0
BATCH-20260401-077,2026-04-01,Post-Intervention,"8"" 90",17,247.0
BATCH-20260401-077,2026-04-01,Post-Intervention,"8"" 90",18,248.0
BATCH-20260401-077,2026-04-01,Post-Intervention,"8"" 90",19,245.0
BATCH-20260401-077,2026-04-01,Post-Intervention,"8"" 90",20,220.0
BATCH-20260401-077,2026-04-01,Post-Intervention,"8"" 90",21,226.0
BATCH-20260401-077,2026-04-01,Post-Intervention,"8"" 90",22,253.0
BATCH-20260401-077,2026-04-01,Post-Intervention,"8"" 90",23,222.0
BATCH-20260401-077,2026-04-01,Post-Intervention,"8"" 90",24,243.0
BATCH-20260401-077,2026-04-01,Post-Intervention,"8"" 90",25,236.0
BATCH-20260401-077,2026-04-01,Post-Intervention,"8"" 90",26,242.0
BATCH-20260401-077,2026-04-01,Post-Intervention,"8"" 90",27,255.0
BATCH-20260401-077,2026-04-01,Post-Intervention,"8"" 90",28,223.0
BATCH-20260401-077,2026-04-01,Post-Intervention,"8"" 90",29,221.0
BATCH-20260401-077,2026-04-01,Post-Intervention,"8"" 90",30,243.0
BATCH-20260401-077,2026-04-01,Post-Intervention,"8"" 90",31,223.0
BATCH-20260401-077,2026-04-01,Post-Intervention,"8"" 90",32,230.0
BATCH-20260401-077,2026-04-01,Post-Intervention,"8"" 90",33,236.0
BATCH-20260401-077,2026-04-01,Post-Intervention,"8"" 90",34,247.0
BATCH-20260401-077,2026-04-01,Post-Intervention,"8"" 90",35,224.0
BATCH-20260401-077,2026-04-01,Post-Intervention,"8"" 90",36,222.0
BATCH-20260401-077,2026-04-01,Post-Intervention,"8"" 90",37,246.0
BATCH-20260401-077,2026-04-01,Post-Intervention,"8"" 90",38,224.0
BATCH-20260401-077,2026-04-01,Post-Intervention,"8"" 90",39,224.0
BATCH-20260401-077,2026-04-01,Post-Intervention,"8"" 90",40,248.0
BATCH-20260401-077,2026-04-01,Post-Intervention,"8"" 90",41,253.0
BATCH-20260401-077,2026-04-01,Post-Intervention,"8"" 90",42,233.0
BATCH-20260401-077,2026-04-01,Post-Intervention,"8"" 90",43,230.0
BATCH-20260401-077,2026-04-01,Post-Intervention,"8"" 90",44,241.0
BATCH-20260401-077,2026-04-01,Post-Intervention,"8"" 90",45,222.0
BATCH-20260401-077,2026-04-01,Post-Intervention,"8"" 90",46,243.0
BATCH-20260401-077,2026-04-01,Post-Intervention,"8"" 90",47,249.0
BATCH-20260401-077,2026-04-01,Post-Intervention,"8"" 90",48,245.0
BATCH-20260401-077,2026-04-01,Post-Intervention,"8"" 90",49,239.0
BATCH-20260401-077,2026-04-01,Post-Intervention,"8"" 90",50,240.0
BATCH-20260401-077,2026-04-01,Post-Intervention,"8"" 90",51,241.0
BATCH-20260401-077,2026-04-01,Post-Intervention,"8"" 90",52,247.0
BATCH-20260401-077,2026-04-01,Post-Intervention,"8"" 90",53,246.0
BATCH-20260401-077,2026-04-01,Post-Intervention,"8"" 90",54,225.0
BATCH-20260401-077,2026-04-01,Post-Intervention,"8"" 90",55,228.0
BATCH-20260401-077,2026-04-01,Post-Intervention,"8"" 90",56,251.0
BATCH-20260401-077,2026-04-01,Post-Intervention,"8"" 90",57,232.0
BATCH-20260401-077,2026-04-01,Post-Intervention,"8"" 90",58,247.0
BATCH-20260401-077,2026-04-01,Post-Intervention,"8"" 90",59,254.0
BATCH-20260403-078,2026-04-03,Post-Intervention,"8"" 90",1,227.0
BATCH-20260403-078,2026-04-03,Post-Intervention,"8"" 90",2,233.0
BATCH-20260403-078,2026-04-03,Post-Intervention,"8"" 90",3,240.0
BATCH-20260403-078,2026-04-03,Post-Intervention,"8"" 90",4,233.0
BATCH-20260403-078,2026-04-03,Post-Intervention,"8"" 90",5,223.0
BATCH-20260403-078,2026-04-03,Post-Intervention,"8"" 90",6,222.0
BATCH-20260403-078,2026-04-03,Post-Intervention,"8"" 90",7,223.0
BATCH-20260403-078,2026-04-03,Post-Intervention,"8"" 90",8,226.0
BATCH-20260403-078,2026-04-03,Post-Intervention,"8"" 90",9,241.0
BATCH-20260403-078,2026-04-03,Post-Intervention,"8"" 90",10,224.0
BATCH-20260403-078,2026-04-03,Post-Intervention,"8"" 90",11,235.0
BATCH-20260403-078,2026-04-03,Post-Intervention,"8"" 90",12,235.0
BATCH-20260403-078,2026-04-03,Post-Intervention,"8"" 90",13,235.0
BATCH-20260403-078,2026-04-03,Post-Intervention,"8"" 90",14,251.0
BATCH-20260403-078,2026-04-03,Post-Intervention,"8"" 90",15,221.0
BATCH-20260403-078,2026-04-03,Post-Intervention,"8"" 90",16,232.0
BATCH-20260403-078,2026-04-03,Post-Intervention,"8"" 90",17,229.0
BATCH-20260403-078,2026-04-03,Post-Intervention,"8"" 90",18,223.0
BATCH-20260403-078,2026-04-03,Post-Intervention,"8"" 90",19,225.0
BATCH-20260403-078,2026-04-03,Post-Intervention,"8"" 90",20,231.0
BATCH-20260403-078,2026-04-03,Post-Intervention,"8"" 90",21,246.0
BATCH-20260403-078,2026-04-03,Post-Intervention,"8"" 90",22,230.0
BATCH-20260403-078,2026-04-03,Post-Intervention,"8"" 90",23,241.0
BATCH-20260403-078,2026-04-03,Post-Intervention,"8"" 90",24,253.0
BATCH-20260403-078,2026-04-03,Post-Intervention,"8"" 90",25,242.0
BATCH-20260403-078,2026-04-03,Post-Intervention,"8"" 90",26,220.0
BATCH-20260403-078,2026-04-03,Post-Intervention,"8"" 90",27,220.0
BATCH-20260403-078,2026-04-03,Post-Intervention,"8"" 90",28,234.0
BATCH-20260403-078,2026-04-03,Post-Intervention,"8"" 90",29,233.0
BATCH-20260403-078,2026-04-03,Post-Intervention,"8"" 90",30,238.0
BATCH-20260403-078,2026-04-03,Post-Intervention,"8"" 90",31,227.0
BATCH-20260403-078,2026-04-03,Post-Intervention,"8"" 90",32,230.0
BATCH-20260403-078,2026-04-03,Post-Intervention,"8"" 90",33,239.0
BATCH-20260403-078,2026-04-03,Post-Intervention,"8"" 90",34,231.0
BATCH-20260403-078,2026-04-03,Post-Intervention,"8"" 90",35,255.0
BATCH-20260403-078,2026-04-03,Post-Intervention,"8"" 90",36,253.0
BATCH-20260403-078,2026-04-03,Post-Intervention,"8"" 90",37,247.0
BATCH-20260403-078,2026-04-03,Post-Intervention,"8"" 90",38,223.0
BATCH-20260403-078,2026-04-03,Post-Intervention,"8"" 90",39,246.0
BATCH-20260403-078,2026-04-03,Post-Intervention,"8"" 90",40,241.0
BATCH-20260403-078,2026-04-03,Post-Intervention,"8"" 90",41,234.0
BATCH-20260403-078,2026-04-03,Post-Intervention,"8"" 90",42,220.0
BATCH-20260403-078,2026-04-03,Post-Intervention,"8"" 90",43,221.0
BATCH-20260403-078,2026-04-03,Post-Intervention,"8"" 90",44,254.0
BATCH-20260403-078,2026-04-03,Post-Intervention,"8"" 90",45,236.0
BATCH-20260403-078,2026-04-03,Post-Intervention,"8"" 90",46,251.0
BATCH-20260403-078,2026-04-03,Post-Intervention,"8"" 90",47,232.0
BATCH-20260403-078,2026-04-03,Post-Intervention,"8"" 90",48,249.0
BATCH-20260403-078,2026-04-03,Post-Intervention,"8"" 90",49,247.0
BATCH-20260403-078,2026-04-03,Post-Intervention,"8"" 90",50,251.0
BATCH-20260403-078,2026-04-03,Post-Intervention,"8"" 90",51,237.0
BATCH-20260403-078,2026-04-03,Post-Intervention,"8"" 90",52,246.0
BATCH-20260403-078,2026-04-03,Post-Intervention,"8"" 90",53,238.0
BATCH-20260403-078,2026-04-03,Post-Intervention,"8"" 90",54,238.0
BATCH-20260403-078,2026-04-03,Post-Intervention,"8"" 90",55,246.0
BATCH-20260403-078,2026-04-03,Post-Intervention,"8"" 90",56,230.0
BATCH-20260403-078,2026-04-03,Post-Intervention,"8"" 90",57,249.0
BATCH-20260403-078,2026-04-03,Post-Intervention,"8"" 90",58,258.0
BATCH-20260403-078,2026-04-03,Post-Intervention,"8"" 90",59,253.0
BATCH-20260403-078,2026-04-03,Post-Intervention,"8"" 90",60,260.0
BATCH-20260403-078,2026-04-03,Post-Intervention,"8"" 90",61,258.0
BATCH-20260403-078,2026-04-03,Post-Intervention,"8"" 90",62,249.0
BATCH-20260404-079,2026-04-04,Post-Intervention,"8"" 90",1,249.0
BATCH-20260404-079,2026-04-04,Post-Intervention,"8"" 90",2,242.0
BATCH-20260404-079,2026-04-04,Post-Intervention,"8"" 90",3,221.0
BATCH-20260404-079,2026-04-04,Post-Intervention,"8"" 90",4,245.0
BATCH-20260404-079,2026-04-04,Post-Intervention,"8"" 90",5,230.0
BATCH-20260404-079,2026-04-04,Post-Intervention,"8"" 90",6,232.0
BATCH-20260404-079,2026-04-04,Post-Intervention,"8"" 90",7,232.0
BATCH-20260404-079,2026-04-04,Post-Intervention,"8"" 90",8,237.0
BATCH-20260404-079,2026-04-04,Post-Intervention,"8"" 90",9,239.0
BATCH-20260404-079,2026-04-04,Post-Intervention,"8"" 90",10,238.0
BATCH-20260404-079,2026-04-04,Post-Intervention,"8"" 90",11,247.0
BATCH-20260404-079,2026-04-04,Post-Intervention,"8"" 90",12,254.0
BATCH-20260404-079,2026-04-04,Post-Intervention,"8"" 90",13,251.0
BATCH-20260404-079,2026-04-04,Post-Intervention,"8"" 90",14,238.0
BATCH-20260404-079,2026-04-04,Post-Intervention,"8"" 90",15,249.0
BATCH-20260404-079,2026-04-04,Post-Intervention,"8"" 90",16,255.0
BATCH-20260404-079,2026-04-04,Post-Intervention,"8"" 90",17,223.0
BATCH-20260404-079,2026-04-04,Post-Intervention,"8"" 90",18,238.0
BATCH-20260404-079,2026-04-04,Post-Intervention,"8"" 90",19,220.0
BATCH-20260404-079,2026-04-04,Post-Intervention,"8"" 90",20,223.0
BATCH-20260404-079,2026-04-04,Post-Intervention,"8"" 90",21,242.0
BATCH-20260404-079,2026-04-04,Post-Intervention,"8"" 90",22,228.0
BATCH-20260404-079,2026-04-04,Post-Intervention,"8"" 90",23,246.0
BATCH-20260404-079,2026-04-04,Post-Intervention,"8"" 90",24,234.0
BATCH-20260404-079,2026-04-04,Post-Intervention,"8"" 90",25,247.0
BATCH-20260404-079,2026-04-04,Post-Intervention,"8"" 90",26,235.0
BATCH-20260404-079,2026-04-04,Post-Intervention,"8"" 90",27,246.0
BATCH-20260404-079,2026-04-04,Post-Intervention,"8"" 90",28,255.0
BATCH-20260404-079,2026-04-04,Post-Intervention,"8"" 90",29,252.0
BATCH-20260404-079,2026-04-04,Post-Intervention,"8"" 90",30,247.0
BATCH-20260404-079,2026-04-04,Post-Intervention,"8"" 90",31,239.0
BATCH-20260404-079,2026-04-04,Post-Intervention,"8"" 90",32,230.0
BATCH-20260404-079,2026-04-04,Post-Intervention,"8"" 90",33,250.0
BATCH-20260404-079,2026-04-04,Post-Intervention,"8"" 90",34,238.0
BATCH-20260404-079,2026-04-04,Post-Intervention,"8"" 90",35,254.0
BATCH-20260404-079,2026-04-04,Post-Intervention,"8"" 90",36,228.0
BATCH-20260404-079,2026-04-04,Post-Intervention,"8"" 90",37,222.0
BATCH-20260404-079,2026-04-04,Post-Intervention,"8"" 90",38,228.0
BATCH-20260404-079,2026-04-04,Post-Intervention,"8"" 90",39,230.0
BATCH-20260404-079,2026-04-04,Post-Intervention,"8"" 90",40,234.0
BATCH-20260404-079,2026-04-04,Post-Intervention,"8"" 90",41,245.0
BATCH-20260404-079,2026-04-04,Post-Intervention,"8"" 90",42,234.0
BATCH-20260404-079,2026-04-04,Post-Intervention,"8"" 90",43,230.0
BATCH-20260404-079,2026-04-04,Post-Intervention,"8"" 90",44,234.0
BATCH-20260404-079,2026-04-04,Post-Intervention,"8"" 90",45,246.0
BATCH-20260404-079,2026-04-04,Post-Intervention,"8"" 90",46,234.0
BATCH-20260404-079,2026-04-04,Post-Intervention,"8"" 90",47,248.0
BATCH-20260404-079,2026-04-04,Post-Intervention,"8"" 90",48,223.0
BATCH-20260404-079,2026-04-04,Post-Intervention,"8"" 90",49,240.0
BATCH-20260404-079,2026-04-04,Post-Intervention,"8"" 90",50,233.0
BATCH-20260404-079,2026-04-04,Post-Intervention,"8"" 90",51,242.0
BATCH-20260404-079,2026-04-04,Post-Intervention,"8"" 90",52,235.0
BATCH-20260404-079,2026-04-04,Post-Intervention,"8"" 90",53,236.0
BATCH-20260404-079,2026-04-04,Post-Intervention,"8"" 90",54,228.0
BATCH-20260404-079,2026-04-04,Post-Intervention,"8"" 90",55,235.0
BATCH-20260404-079,2026-04-04,Post-Intervention,"8"" 90",56,241.0
BATCH-20260404-079,2026-04-04,Post-Intervention,"8"" 90",57,253.0
BATCH-20260404-079,2026-04-04,Post-Intervention,"8"" 90",58,238.0
BATCH-20260405-080,2026-04-05,Post-Intervention,"8"" 90",1,246.0
BATCH-20260405-080,2026-04-05,Post-Intervention,"8"" 90",2,246.0
BATCH-20260405-080,2026-04-05,Post-Intervention,"8"" 90",3,236.0
BATCH-20260405-080,2026-04-05,Post-Intervention,"8"" 90",4,235.0
BATCH-20260405-080,2026-04-05,Post-Intervention,"8"" 90",5,242.0
BATCH-20260405-080,2026-04-05,Post-Intervention,"8"" 90",6,228.0
BATCH-20260405-080,2026-04-05,Post-Intervention,"8"" 90",7,235.0
BATCH-20260405-080,2026-04-05,Post-Intervention,"8"" 90",8,226.0
BATCH-20260405-080,2026-04-05,Post-Intervention,"8"" 90",9,250.0
BATCH-20260405-080,2026-04-05,Post-Intervention,"8"" 90",10,242.0
BATCH-20260405-080,2026-04-05,Post-Intervention,"8"" 90",11,242.0
BATCH-20260405-080,2026-04-05,Post-Intervention,"8"" 90",12,236.0
BATCH-20260405-080,2026-04-05,Post-Intervention,"8"" 90",13,245.0
BATCH-20260405-080,2026-04-05,Post-Intervention,"8"" 90",14,224.0
BATCH-20260405-080,2026-04-05,Post-Intervention,"8"" 90",15,231.0
BATCH-20260405-080,2026-04-05,Post-Intervention,"8"" 90",16,226.0
BATCH-20260405-080,2026-04-05,Post-Intervention,"8"" 90",17,234.0
BATCH-20260405-080,2026-04-05,Post-Intervention,"8"" 90",18,226.0
BATCH-20260405-080,2026-04-05,Post-Intervention,"8"" 90",19,228.0
BATCH-20260405-080,2026-04-05,Post-Intervention,"8"" 90",20,240.0
BATCH-20260405-080,2026-04-05,Post-Intervention,"8"" 90",21,242.0
BATCH-20260405-080,2026-04-05,Post-Intervention,"8"" 90",22,245.0
BATCH-20260405-080,2026-04-05,Post-Intervention,"8"" 90",23,234.0
BATCH-20260405-080,2026-04-05,Post-Intervention,"8"" 90",24,220.0
BATCH-20260405-080,2026-04-05,Post-Intervention,"8"" 90",25,235.0
BATCH-20260405-080,2026-04-05,Post-Intervention,"8"" 90",26,252.0
BATCH-20260405-080,2026-04-05,Post-Intervention,"8"" 90",27,227.0
BATCH-20260405-080,2026-04-05,Post-Intervention,"8"" 90",28,227.0
BATCH-20260405-080,2026-04-05,Post-Intervention,"8"" 90",29,246.0
BATCH-20260405-080,2026-04-05,Post-Intervention,"8"" 90",30,230.0
BATCH-20260405-080,2026-04-05,Post-Intervention,"8"" 90",31,222.0
BATCH-20260405-080,2026-04-05,Post-Intervention,"8"" 90",32,252.0
BATCH-20260405-080,2026-04-05,Post-Intervention,"8"" 90",33,228.0
BATCH-20260405-080,2026-04-05,Post-Intervention,"8"" 90",34,241.0
BATCH-20260405-080,2026-04-05,Post-Intervention,"8"" 90",35,234.0
BATCH-20260405-080,2026-04-05,Post-Intervention,"8"" 90",36,222.0
BATCH-20260405-080,2026-04-05,Post-Intervention,"8"" 90",37,254.0
BATCH-20260405-080,2026-04-05,Post-Intervention,"8"" 90",38,248.0
BATCH-20260405-080,2026-04-05,Post-Intervention,"8"" 90",39,244.0
BATCH-20260405-080,2026-04-05,Post-Intervention,"8"" 90",40,249.0
BATCH-20260405-080,2026-04-05,Post-Intervention,"8"" 90",41,236.0
BATCH-20260405-080,2026-04-05,Post-Intervention,"8"" 90",42,254.0
BATCH-20260405-080,2026-04-05,Post-Intervention,"8"" 90",43,253.0
BATCH-20260405-080,2026-04-05,Post-Intervention,"8"" 90",44,235.0
BATCH-20260405-080,2026-04-05,Post-Intervention,"8"" 90",45,248.0
BATCH-20260405-080,2026-04-05,Post-Intervention,"8"" 90",46,254.0
BATCH-20260405-080,2026-04-05,Post-Intervention,"8"" 90",47,247.0
BATCH-20260405-080,2026-04-05,Post-Intervention,"8"" 90",48,246.0
BATCH-20260405-080,2026-04-05,Post-Intervention,"8"" 90",49,223.0
BATCH-20260405-080,2026-04-05,Post-Intervention,"8"" 90",50,245.0
BATCH-20260405-080,2026-04-05,Post-Intervention,"8"" 90",51,223.0
BATCH-20260405-080,2026-04-05,Post-Intervention,"8"" 90",52,224.0
BATCH-20260405-080,2026-04-05,Post-Intervention,"8"" 90",53,246.0
BATCH-20260405-080,2026-04-05,Post-Intervention,"8"" 90",54,252.0
BATCH-20260405-080,2026-04-05,Post-Intervention,"8"" 90",55,243.0
BATCH-20260405-080,2026-04-05,Post-Intervention,"8"" 90",56,229.0
BATCH-20260405-080,2026-04-05,Post-Intervention,"8"" 90",57,229.0
BATCH-20260405-080,2026-04-05,Post-Intervention,"8"" 90",58,243.0
BATCH-20260405-080,2026-04-05,Post-Intervention,"8"" 90",59,254.0
BATCH-20260405-080,2026-04-05,Post-Intervention,"8"" 90",60,258.0
BATCH-20260405-080,2026-04-05,Post-Intervention,"8"" 90",61,245.0
BATCH-20260405-080,2026-04-05,Post-Intervention,"8"" 90",62,253.0
BATCH-20260406-081,2026-04-06,Post-Intervention,"8"" 90",1,228.0
BATCH-20260406-081,2026-04-06,Post-Intervention,"8"" 90",2,243.0
BATCH-20260406-081,2026-04-06,Post-Intervention,"8"" 90",3,232.0
BATCH-20260406-081,2026-04-06,Post-Intervention,"8"" 90",4,238.0
BATCH-20260406-081,2026-04-06,Post-Intervention,"8"" 90",5,244.0
BATCH-20260406-081,2026-04-06,Post-Intervention,"8"" 90",6,220.0
BATCH-20260406-081,2026-04-06,Post-Intervention,"8"" 90",7,248.0
BATCH-20260406-081,2026-04-06,Post-Intervention,"8"" 90",8,246.0
BATCH-20260406-081,2026-04-06,Post-Intervention,"8"" 90",9,223.0
BATCH-20260406-081,2026-04-06,Post-Intervention,"8"" 90",10,238.0
BATCH-20260406-081,2026-04-06,Post-Intervention,"8"" 90",11,223.0
BATCH-20260406-081,2026-04-06,Post-Intervention,"8"" 90",12,230.0
BATCH-20260406-081,2026-04-06,Post-Intervention,"8"" 90",13,255.0
BATCH-20260406-081,2026-04-06,Post-Intervention,"8"" 90",14,236.0
BATCH-20260406-081,2026-04-06,Post-Intervention,"8"" 90",15,238.0
BATCH-20260406-081,2026-04-06,Post-Intervention,"8"" 90",16,220.0
BATCH-20260406-081,2026-04-06,Post-Intervention,"8"" 90",17,235.0
BATCH-20260406-081,2026-04-06,Post-Intervention,"8"" 90",18,241.0
BATCH-20260406-081,2026-04-06,Post-Intervention,"8"" 90",19,253.0
BATCH-20260406-081,2026-04-06,Post-Intervention,"8"" 90",20,227.0
BATCH-20260406-081,2026-04-06,Post-Intervention,"8"" 90",21,250.0
BATCH-20260406-081,2026-04-06,Post-Intervention,"8"" 90",22,250.0
BATCH-20260406-081,2026-04-06,Post-Intervention,"8"" 90",23,246.0
BATCH-20260406-081,2026-04-06,Post-Intervention,"8"" 90",24,223.0
BATCH-20260406-081,2026-04-06,Post-Intervention,"8"" 90",25,228.0
BATCH-20260406-081,2026-04-06,Post-Intervention,"8"" 90",26,236.0
BATCH-20260406-081,2026-04-06,Post-Intervention,"8"" 90",27,221.0
BATCH-20260406-081,2026-04-06,Post-Intervention,"8"" 90",28,248.0
BATCH-20260406-081,2026-04-06,Post-Intervention,"8"" 90",29,252.0
BATCH-20260406-081,2026-04-06,Post-Intervention,"8"" 90",30,222.0
BATCH-20260406-081,2026-04-06,Post-Intervention,"8"" 90",31,254.0
BATCH-20260406-081,2026-04-06,Post-Intervention,"8"" 90",32,223.0
BATCH-20260406-081,2026-04-06,Post-Intervention,"8"" 90",33,255.0
BATCH-20260406-081,2026-04-06,Post-Intervention,"8"" 90",34,231.0
BATCH-20260406-081,2026-04-06,Post-Intervention,"8"" 90",35,225.0
BATCH-20260406-081,2026-04-06,Post-Intervention,"8"" 90",36,239.0
BATCH-20260406-081,2026-04-06,Post-Intervention,"8"" 90",37,227.0
BATCH-20260406-081,2026-04-06,Post-Intervention,"8"" 90",38,240.0
BATCH-20260406-081,2026-04-06,Post-Intervention,"8"" 90",39,251.0
BATCH-20260406-081,2026-04-06,Post-Intervention,"8"" 90",40,251.0
BATCH-20260406-081,2026-04-06,Post-Intervention,"8"" 90",41,251.0
BATCH-20260406-081,2026-04-06,Post-Intervention,"8"" 90",42,226.0
BATCH-20260406-081,2026-04-06,Post-Intervention,"8"" 90",43,236.0
BATCH-20260406-081,2026-04-06,Post-Intervention,"8"" 90",44,243.0
BATCH-20260406-081,2026-04-06,Post-Intervention,"8"" 90",45,226.0
BATCH-20260406-081,2026-04-06,Post-Intervention,"8"" 90",46,246.0
BATCH-20260406-081,2026-04-06,Post-Intervention,"8"" 90",47,254.0
BATCH-20260406-081,2026-04-06,Post-Intervention,"8"" 90",48,241.0
BATCH-20260406-081,2026-04-06,Post-Intervention,"8"" 90",49,225.0
BATCH-20260406-081,2026-04-06,Post-Intervention,"8"" 90",50,226.0
BATCH-20260406-081,2026-04-06,Post-Intervention,"8"" 90",51,236.0
BATCH-20260406-081,2026-04-06,Post-Intervention,"8"" 90",52,227.0
BATCH-20260406-081,2026-04-06,Post-Intervention,"8"" 90",53,229.0
BATCH-20260406-081,2026-04-06,Post-Intervention,"8"" 90",54,254.0
BATCH-20260406-081,2026-04-06,Post-Intervention,"8"" 90",55,242.0
BATCH-20260406-081,2026-04-06,Post-Intervention,"8"" 90",56,220.0
BATCH-20260406-081,2026-04-06,Post-Intervention,"8"" 90",57,224.0
BATCH-20260406-081,2026-04-06,Post-Intervention,"8"" 90",58,247.0
BATCH-20260406-081,2026-04-06,Post-Intervention,"8"" 90",59,245.0
BATCH-20260406-081,2026-04-06,Post-Intervention,"8"" 90",60,234.0
BATCH-20260407-082,2026-04-07,Post-Intervention,"8"" 90",1,245.0
BATCH-20260407-082,2026-04-07,Post-Intervention,"8"" 90",2,210.0
BATCH-20260407-082,2026-04-07,Post-Intervention,"8"" 90",3,223.0
BATCH-20260407-082,2026-04-07,Post-Intervention,"8"" 90",4,234.0
BATCH-20260407-082,2026-04-07,Post-Intervention,"8"" 90",5,223.0
BATCH-20260407-082,2026-04-07,Post-Intervention,"8"" 90",6,210.0
BATCH-20260407-082,2026-04-07,Post-Intervention,"8"" 90",7,229.0
BATCH-20260407-082,2026-04-07,Post-Intervention,"8"" 90",8,244.0
BATCH-20260407-082,2026-04-07,Post-Intervention,"8"" 90",9,228.0
BATCH-20260407-082,2026-04-07,Post-Intervention,"8"" 90",10,212.0
BATCH-20260407-082,2026-04-07,Post-Intervention,"8"" 90",11,245.0
BATCH-20260407-082,2026-04-07,Post-Intervention,"8"" 90",12,222.0
BATCH-20260407-082,2026-04-07,Post-Intervention,"8"" 90",13,225.0
BATCH-20260407-082,2026-04-07,Post-Intervention,"8"" 90",14,248.0
BATCH-20260407-082,2026-04-07,Post-Intervention,"8"" 90",15,249.0
BATCH-20260407-082,2026-04-07,Post-Intervention,"8"" 90",16,233.0
BATCH-20260407-082,2026-04-07,Post-Intervention,"8"" 90",17,220.0
BATCH-20260407-082,2026-04-07,Post-Intervention,"8"" 90",18,216.0
BATCH-20260407-082,2026-04-07,Post-Intervention,"8"" 90",19,223.0
BATCH-20260407-082,2026-04-07,Post-Intervention,"8"" 90",20,214.0
BATCH-20260407-082,2026-04-07,Post-Intervention,"8"" 90",21,220.0
BATCH-20260407-082,2026-04-07,Post-Intervention,"8"" 90",22,222.0
BATCH-20260407-082,2026-04-07,Post-Intervention,"8"" 90",23,213.0
BATCH-20260407-082,2026-04-07,Post-Intervention,"8"" 90",24,228.0
BATCH-20260407-082,2026-04-07,Post-Intervention,"8"" 90",25,223.0
BATCH-20260407-082,2026-04-07,Post-Intervention,"8"" 90",26,230.0
BATCH-20260407-082,2026-04-07,Post-Intervention,"8"" 90",27,238.0
BATCH-20260407-082,2026-04-07,Post-Intervention,"8"" 90",28,252.0
BATCH-20260407-082,2026-04-07,Post-Intervention,"8"" 90",29,229.0
BATCH-20260407-082,2026-04-07,Post-Intervention,"8"" 90",30,215.0
BATCH-20260407-082,2026-04-07,Post-Intervention,"8"" 90",31,211.0
BATCH-20260407-082,2026-04-07,Post-Intervention,"8"" 90",32,214.0
BATCH-20260407-082,2026-04-07,Post-Intervention,"8"" 90",33,244.0
BATCH-20260407-082,2026-04-07,Post-Intervention,"8"" 90",34,220.0
BATCH-20260407-082,2026-04-07,Post-Intervention,"8"" 90",35,217.0
BATCH-20260407-082,2026-04-07,Post-Intervention,"8"" 90",36,242.0
BATCH-20260407-082,2026-04-07,Post-Intervention,"8"" 90",37,232.0
BATCH-20260407-082,2026-04-07,Post-Intervention,"8"" 90",38,233.0
BATCH-20260407-082,2026-04-07,Post-Intervention,"8"" 90",39,249.0
BATCH-20260407-082,2026-04-07,Post-Intervention,"8"" 90",40,249.0
BATCH-20260407-082,2026-04-07,Post-Intervention,"8"" 90",41,254.0
BATCH-20260407-082,2026-04-07,Post-Intervention,"8"" 90",42,236.0
BATCH-20260407-082,2026-04-07,Post-Intervention,"8"" 90",43,247.0
BATCH-20260407-082,2026-04-07,Post-Intervention,"8"" 90",44,242.0
BATCH-20260407-082,2026-04-07,Post-Intervention,"8"" 90",45,243.0
BATCH-20260407-082,2026-04-07,Post-Intervention,"8"" 90",46,219.0
BATCH-20260407-082,2026-04-07,Post-Intervention,"8"" 90",47,224.0
BATCH-20260407-082,2026-04-07,Post-Intervention,"8"" 90",48,243.0
BATCH-20260407-082,2026-04-07,Post-Intervention,"8"" 90",49,240.0
BATCH-20260407-082,2026-04-07,Post-Intervention,"8"" 90",50,213.0
BATCH-20260407-082,2026-04-07,Post-Intervention,"8"" 90",51,225.0
BATCH-20260407-082,2026-04-07,Post-Intervention,"8"" 90",52,226.0
BATCH-20260407-082,2026-04-07,Post-Intervention,"8"" 90",53,222.0
BATCH-20260407-082,2026-04-07,Post-Intervention,"8"" 90",54,238.0
BATCH-20260407-082,2026-04-07,Post-Intervention,"8"" 90",55,255.0
BATCH-20260407-082,2026-04-07,Post-Intervention,"8"" 90",56,212.0
BATCH-20260407-082,2026-04-07,Post-Intervention,"8"" 90",57,245.0
BATCH-20260407-082,2026-04-07,Post-Intervention,"8"" 90",58,251.0
BATCH-20260408-083,2026-04-08,Post-Intervention,"8"" 90",1,233.0
BATCH-20260408-083,2026-04-08,Post-Intervention,"8"" 90",2,233.0
BATCH-20260408-083,2026-04-08,Post-Intervention,"8"" 90",3,248.0
BATCH-20260408-083,2026-04-08,Post-Intervention,"8"" 90",4,220.0
BATCH-20260408-083,2026-04-08,Post-Intervention,"8"" 90",5,247.0
BATCH-20260408-083,2026-04-08,Post-Intervention,"8"" 90",6,234.0
BATCH-20260408-083,2026-04-08,Post-Intervention,"8"" 90",7,247.0
BATCH-20260408-083,2026-04-08,Post-Intervention,"8"" 90",8,222.0
BATCH-20260408-083,2026-04-08,Post-Intervention,"8"" 90",9,223.0
BATCH-20260408-083,2026-04-08,Post-Intervention,"8"" 90",10,223.0
BATCH-20260408-083,2026-04-08,Post-Intervention,"8"" 90",11,229.0
BATCH-20260408-083,2026-04-08,Post-Intervention,"8"" 90",12,253.0
BATCH-20260408-083,2026-04-08,Post-Intervention,"8"" 90",13,224.0
BATCH-20260408-083,2026-04-08,Post-Intervention,"8"" 90",14,252.0
BATCH-20260408-083,2026-04-08,Post-Intervention,"8"" 90",15,235.0
BATCH-20260408-083,2026-04-08,Post-Intervention,"8"" 90",16,236.0
BATCH-20260408-083,2026-04-08,Post-Intervention,"8"" 90",17,250.0
BATCH-20260408-083,2026-04-08,Post-Intervention,"8"" 90",18,249.0
BATCH-20260408-083,2026-04-08,Post-Intervention,"8"" 90",19,227.0
BATCH-20260408-083,2026-04-08,Post-Intervention,"8"" 90",20,253.0
BATCH-20260408-083,2026-04-08,Post-Intervention,"8"" 90",21,220.0
BATCH-20260408-083,2026-04-08,Post-Intervention,"8"" 90",22,231.0
BATCH-20260408-083,2026-04-08,Post-Intervention,"8"" 90",23,245.0
BATCH-20260408-083,2026-04-08,Post-Intervention,"8"" 90",24,220.0
BATCH-20260408-083,2026-04-08,Post-Intervention,"8"" 90",25,247.0
BATCH-20260408-083,2026-04-08,Post-Intervention,"8"" 90",26,236.0
BATCH-20260408-083,2026-04-08,Post-Intervention,"8"" 90",27,225.0
BATCH-20260408-083,2026-04-08,Post-Intervention,"8"" 90",28,228.0
BATCH-20260408-083,2026-04-08,Post-Intervention,"8"" 90",29,221.0
BATCH-20260408-083,2026-04-08,Post-Intervention,"8"" 90",30,234.0
BATCH-20260408-083,2026-04-08,Post-Intervention,"8"" 90",31,242.0
BATCH-20260408-083,2026-04-08,Post-Intervention,"8"" 90",32,227.0
BATCH-20260408-083,2026-04-08,Post-Intervention,"8"" 90",33,243.0
BATCH-20260408-083,2026-04-08,Post-Intervention,"8"" 90",34,248.0
BATCH-20260408-083,2026-04-08,Post-Intervention,"8"" 90",35,251.0
BATCH-20260408-083,2026-04-08,Post-Intervention,"8"" 90",36,252.0
BATCH-20260408-083,2026-04-08,Post-Intervention,"8"" 90",37,241.0
BATCH-20260408-083,2026-04-08,Post-Intervention,"8"" 90",38,227.0
BATCH-20260408-083,2026-04-08,Post-Intervention,"8"" 90",39,241.0
BATCH-20260408-083,2026-04-08,Post-Intervention,"8"" 90",40,255.0
BATCH-20260408-083,2026-04-08,Post-Intervention,"8"" 90",41,236.0
BATCH-20260408-083,2026-04-08,Post-Intervention,"8"" 90",42,251.0
BATCH-20260408-083,2026-04-08,Post-Intervention,"8"" 90",43,242.0
BATCH-20260408-083,2026-04-08,Post-Intervention,"8"" 90",44,233.0
BATCH-20260408-083,2026-04-08,Post-Intervention,"8"" 90",45,235.0
BATCH-20260408-083,2026-04-08,Post-Intervention,"8"" 90",46,232.0
BATCH-20260408-083,2026-04-08,Post-Intervention,"8"" 90",47,254.0
BATCH-20260408-083,2026-04-08,Post-Intervention,"8"" 90",48,228.0
BATCH-20260408-083,2026-04-08,Post-Intervention,"8"" 90",49,229.0
BATCH-20260408-083,2026-04-08,Post-Intervention,"8"" 90",50,247.0
BATCH-20260408-083,2026-04-08,Post-Intervention,"8"" 90",51,224.0
BATCH-20260408-083,2026-04-08,Post-Intervention,"8"" 90",52,243.0
BATCH-20260408-083,2026-04-08,Post-Intervention,"8"" 90",53,233.0
BATCH-20260408-083,2026-04-08,Post-Intervention,"8"" 90",54,231.0
BATCH-20260408-083,2026-04-08,Post-Intervention,"8"" 90",55,229.0
BATCH-20260408-083,2026-04-08,Post-Intervention,"8"" 90",56,237.0
BATCH-20260408-083,2026-04-08,Post-Intervention,"8"" 90",57,254.0
BATCH-20260408-083,2026-04-08,Post-Intervention,"8"" 90",58,238.0
BATCH-20260408-083,2026-04-08,Post-Intervention,"8"" 90",59,243.0
BATCH-20260408-083,2026-04-08,Post-Intervention,"8"" 90",60,254.0
BATCH-20260409-084,2026-04-09,Post-Intervention,"8"" 90",1,239.0
BATCH-20260409-084,2026-04-09,Post-Intervention,"8"" 90",2,250.0
BATCH-20260409-084,2026-04-09,Post-Intervention,"8"" 90",3,242.0
BATCH-20260409-084,2026-04-09,Post-Intervention,"8"" 90",4,236.0
BATCH-20260409-084,2026-04-09,Post-Intervention,"8"" 90",5,247.0
BATCH-20260409-084,2026-04-09,Post-Intervention,"8"" 90",6,253.0
BATCH-20260409-084,2026-04-09,Post-Intervention,"8"" 90",7,230.0
BATCH-20260409-084,2026-04-09,Post-Intervention,"8"" 90",8,249.0
BATCH-20260409-084,2026-04-09,Post-Intervention,"8"" 90",9,259.0
BATCH-20260409-084,2026-04-09,Post-Intervention,"8"" 90",10,253.0
BATCH-20260409-084,2026-04-09,Post-Intervention,"8"" 90",11,249.0
BATCH-20260409-084,2026-04-09,Post-Intervention,"8"" 90",12,236.0
BATCH-20260409-084,2026-04-09,Post-Intervention,"8"" 90",13,238.0
BATCH-20260409-084,2026-04-09,Post-Intervention,"8"" 90",14,252.0
BATCH-20260409-084,2026-04-09,Post-Intervention,"8"" 90",15,232.0
BATCH-20260409-084,2026-04-09,Post-Intervention,"8"" 90",16,236.0
BATCH-20260409-084,2026-04-09,Post-Intervention,"8"" 90",17,237.0
BATCH-20260409-084,2026-04-09,Post-Intervention,"8"" 90",18,240.0
BATCH-20260409-084,2026-04-09,Post-Intervention,"8"" 90",19,235.0
BATCH-20260409-084,2026-04-09,Post-Intervention,"8"" 90",20,254.0
BATCH-20260409-084,2026-04-09,Post-Intervention,"8"" 90",21,243.0
BATCH-20260409-084,2026-04-09,Post-Intervention,"8"" 90",22,235.0
BATCH-20260409-084,2026-04-09,Post-Intervention,"8"" 90",23,239.0
BATCH-20260409-084,2026-04-09,Post-Intervention,"8"" 90",24,243.0
BATCH-20260409-084,2026-04-09,Post-Intervention,"8"" 90",25,243.0
BATCH-20260409-084,2026-04-09,Post-Intervention,"8"" 90",26,231.0
BATCH-20260409-084,2026-04-09,Post-Intervention,"8"" 90",27,235.0
BATCH-20260409-084,2026-04-09,Post-Intervention,"8"" 90",28,242.0
BATCH-20260409-084,2026-04-09,Post-Intervention,"8"" 90",29,235.0
BATCH-20260409-084,2026-04-09,Post-Intervention,"8"" 90",30,231.0
BATCH-20260410-085,2026-04-10,Post-Intervention,"8"" 90",1,229.0
BATCH-20260410-085,2026-04-10,Post-Intervention,"8"" 90",2,234.0
BATCH-20260410-085,2026-04-10,Post-Intervention,"8"" 90",3,248.0
BATCH-20260410-085,2026-04-10,Post-Intervention,"8"" 90",4,228.0
BATCH-20260410-085,2026-04-10,Post-Intervention,"8"" 90",5,244.0
BATCH-20260410-085,2026-04-10,Post-Intervention,"8"" 90",6,242.0
BATCH-20260410-085,2026-04-10,Post-Intervention,"8"" 90",7,251.0
BATCH-20260410-085,2026-04-10,Post-Intervention,"8"" 90",8,255.0
BATCH-20260410-085,2026-04-10,Post-Intervention,"8"" 90",9,234.0
BATCH-20260410-085,2026-04-10,Post-Intervention,"8"" 90",10,238.0
BATCH-20260410-085,2026-04-10,Post-Intervention,"8"" 90",11,228.0
BATCH-20260410-085,2026-04-10,Post-Intervention,"8"" 90",12,254.0
BATCH-20260410-085,2026-04-10,Post-Intervention,"8"" 90",13,237.0
BATCH-20260410-085,2026-04-10,Post-Intervention,"8"" 90",14,227.0
BATCH-20260410-085,2026-04-10,Post-Intervention,"8"" 90",15,239.0
BATCH-20260410-085,2026-04-10,Post-Intervention,"8"" 90",16,244.0
BATCH-20260410-085,2026-04-10,Post-Intervention,"8"" 90",17,228.0
BATCH-20260410-085,2026-04-10,Post-Intervention,"8"" 90",18,235.0
BATCH-20260410-085,2026-04-10,Post-Intervention,"8"" 90",19,248.0
BATCH-20260410-085,2026-04-10,Post-Intervention,"8"" 90",20,247.0
BATCH-20260410-085,2026-04-10,Post-Intervention,"8"" 90",21,225.0
BATCH-20260410-085,2026-04-10,Post-Intervention,"8"" 90",22,235.0
BATCH-20260410-085,2026-04-10,Post-Intervention,"8"" 90",23,243.0
BATCH-20260410-085,2026-04-10,Post-Intervention,"8"" 90",24,250.0
BATCH-20260410-085,2026-04-10,Post-Intervention,"8"" 90",25,246.0
BATCH-20260410-085,2026-04-10,Post-Intervention,"8"" 90",26,230.0
BATCH-20260410-085,2026-04-10,Post-Intervention,"8"" 90",27,251.0
BATCH-20260410-085,2026-04-10,Post-Intervention,"8"" 90",28,223.0
BATCH-20260410-085,2026-04-10,Post-Intervention,"8"" 90",29,223.0
BATCH-20260410-085,2026-04-10,Post-Intervention,"8"" 90",30,223.0
BATCH-20260410-085,2026-04-10,Post-Intervention,"8"" 90",31,222.0
BATCH-20260410-085,2026-04-10,Post-Intervention,"8"" 90",32,227.0
BATCH-20260410-085,2026-04-10,Post-Intervention,"8"" 90",33,239.0
BATCH-20260410-085,2026-04-10,Post-Intervention,"8"" 90",34,249.0
BATCH-20260410-085,2026-04-10,Post-Intervention,"8"" 90",35,228.0
BATCH-20260410-085,2026-04-10,Post-Intervention,"8"" 90",36,247.0
BATCH-20260410-085,2026-04-10,Post-Intervention,"8"" 90",37,225.0
BATCH-20260410-085,2026-04-10,Post-Intervention,"8"" 90",38,232.0
BATCH-20260410-085,2026-04-10,Post-Intervention,"8"" 90",39,241.0
BATCH-20260410-085,2026-04-10,Post-Intervention,"8"" 90",40,225.0
BATCH-20260410-085,2026-04-10,Post-Intervention,"8"" 90",41,221.0
BATCH-20260410-085,2026-04-10,Post-Intervention,"8"" 90",42,240.0
BATCH-20260410-085,2026-04-10,Post-Intervention,"8"" 90",43,234.0
BATCH-20260410-085,2026-04-10,Post-Intervention,"8"" 90",44,244.0
BATCH-20260410-085,2026-04-10,Post-Intervention,"8"" 90",45,224.0
BATCH-20260410-085,2026-04-10,Post-Intervention,"8"" 90",46,234.0
BATCH-20260410-085,2026-04-10,Post-Intervention,"8"" 90",47,221.0
BATCH-20260410-085,2026-04-10,Post-Intervention,"8"" 90",48,238.0
BATCH-20260410-085,2026-04-10,Post-Intervention,"8"" 90",49,222.0
BATCH-20260410-085,2026-04-10,Post-Intervention,"8"" 90",50,236.0
BATCH-20260410-085,2026-04-10,Post-Intervention,"8"" 90",51,223.0
BATCH-20260410-085,2026-04-10,Post-Intervention,"8"" 90",52,238.0
BATCH-20260410-085,2026-04-10,Post-Intervention,"8"" 90",53,236.0
BATCH-20260410-085,2026-04-10,Post-Intervention,"8"" 90",54,254.0
BATCH-20260410-085,2026-04-10,Post-Intervention,"8"" 90",55,241.0
BATCH-20260410-085,2026-04-10,Post-Intervention,"8"" 90",56,229.0
BATCH-20260410-085,2026-04-10,Post-Intervention,"8"" 90",57,253.0
BATCH-20260410-085,2026-04-10,Post-Intervention,"8"" 90",58,230.0
BATCH-20260410-085,2026-04-10,Post-Intervention,"8"" 90",59,254.0
BATCH-20260410-085,2026-04-10,Post-Intervention,"8"" 90",60,250.0
BATCH-20260415-086,2026-04-15,Post-Intervention,"8"" 90",1,230.0
BATCH-20260415-086,2026-04-15,Post-Intervention,"8"" 90",2,248.0
BATCH-20260415-086,2026-04-15,Post-Intervention,"8"" 90",3,224.0
BATCH-20260415-086,2026-04-15,Post-Intervention,"8"" 90",4,249.0
BATCH-20260415-086,2026-04-15,Post-Intervention,"8"" 90",5,244.0
BATCH-20260415-086,2026-04-15,Post-Intervention,"8"" 90",6,228.0
BATCH-20260415-086,2026-04-15,Post-Intervention,"8"" 90",7,241.0
BATCH-20260415-086,2026-04-15,Post-Intervention,"8"" 90",8,243.0
BATCH-20260415-086,2026-04-15,Post-Intervention,"8"" 90",9,250.0
BATCH-20260415-086,2026-04-15,Post-Intervention,"8"" 90",10,225.0
BATCH-20260415-086,2026-04-15,Post-Intervention,"8"" 90",11,250.0
BATCH-20260415-086,2026-04-15,Post-Intervention,"8"" 90",12,230.0
BATCH-20260415-086,2026-04-15,Post-Intervention,"8"" 90",13,236.0
BATCH-20260415-086,2026-04-15,Post-Intervention,"8"" 90",14,236.0
BATCH-20260415-086,2026-04-15,Post-Intervention,"8"" 90",15,233.0
BATCH-20260415-086,2026-04-15,Post-Intervention,"8"" 90",16,243.0
BATCH-20260415-086,2026-04-15,Post-Intervention,"8"" 90",17,228.0
BATCH-20260415-086,2026-04-15,Post-Intervention,"8"" 90",18,248.0
BATCH-20260415-086,2026-04-15,Post-Intervention,"8"" 90",19,247.0
BATCH-20260415-086,2026-04-15,Post-Intervention,"8"" 90",20,231.0
BATCH-20260415-086,2026-04-15,Post-Intervention,"8"" 90",21,242.0
BATCH-20260415-086,2026-04-15,Post-Intervention,"8"" 90",22,220.0
BATCH-20260415-086,2026-04-15,Post-Intervention,"8"" 90",23,238.0
BATCH-20260415-086,2026-04-15,Post-Intervention,"8"" 90",24,238.0
BATCH-20260415-086,2026-04-15,Post-Intervention,"8"" 90",25,234.0
BATCH-20260415-086,2026-04-15,Post-Intervention,"8"" 90",26,244.0
BATCH-20260415-086,2026-04-15,Post-Intervention,"8"" 90",27,254.0
BATCH-20260415-086,2026-04-15,Post-Intervention,"8"" 90",28,228.0
BATCH-20260415-086,2026-04-15,Post-Intervention,"8"" 90",29,239.0
BATCH-20260415-086,2026-04-15,Post-Intervention,"8"" 90",30,220.0
BATCH-20260415-086,2026-04-15,Post-Intervention,"8"" 90",31,235.0
BATCH-20260415-086,2026-04-15,Post-Intervention,"8"" 90",32,238.0
BATCH-20260415-086,2026-04-15,Post-Intervention,"8"" 90",33,251.0
BATCH-20260415-086,2026-04-15,Post-Intervention,"8"" 90",34,228.0
BATCH-20260415-086,2026-04-15,Post-Intervention,"8"" 90",35,222.0
BATCH-20260415-086,2026-04-15,Post-Intervention,"8"" 90",36,238.0
BATCH-20260415-086,2026-04-15,Post-Intervention,"8"" 90",37,247.0
BATCH-20260415-086,2026-04-15,Post-Intervention,"8"" 90",38,248.0
BATCH-20260415-086,2026-04-15,Post-Intervention,"8"" 90",39,244.0
BATCH-20260415-086,2026-04-15,Post-Intervention,"8"" 90",40,220.0
BATCH-20260415-086,2026-04-15,Post-Intervention,"8"" 90",41,236.0
BATCH-20260415-086,2026-04-15,Post-Intervention,"8"" 90",42,250.0
BATCH-20260415-086,2026-04-15,Post-Intervention,"8"" 90",43,238.0
BATCH-20260415-086,2026-04-15,Post-Intervention,"8"" 90",44,223.0
BATCH-20260415-086,2026-04-15,Post-Intervention,"8"" 90",45,232.0
BATCH-20260415-086,2026-04-15,Post-Intervention,"8"" 90",46,246.0
BATCH-20260415-086,2026-04-15,Post-Intervention,"8"" 90",47,252.0
BATCH-20260415-086,2026-04-15,Post-Intervention,"8"" 90",48,239.0
BATCH-20260415-086,2026-04-15,Post-Intervention,"8"" 90",49,229.0
BATCH-20260415-086,2026-04-15,Post-Intervention,"8"" 90",50,247.0
BATCH-20260415-086,2026-04-15,Post-Intervention,"8"" 90",51,239.0
BATCH-20260415-086,2026-04-15,Post-Intervention,"8"" 90",52,238.0
BATCH-20260415-086,2026-04-15,Post-Intervention,"8"" 90",53,238.0
BATCH-20260415-086,2026-04-15,Post-Intervention,"8"" 90",54,244.0
BATCH-20260415-086,2026-04-15,Post-Intervention,"8"" 90",55,254.0
BATCH-20260415-086,2026-04-15,Post-Intervention,"8"" 90",56,231.0
BATCH-20260415-086,2026-04-15,Post-Intervention,"8"" 90",57,248.0
BATCH-20260415-086,2026-04-15,Post-Intervention,"8"" 90",58,236.0
BATCH-20260415-086,2026-04-15,Post-Intervention,"8"" 90",59,237.0
BATCH-20260415-086,2026-04-15,Post-Intervention,"8"" 90",60,253.0
BATCH-20260416-087,2026-04-16,Post-Intervention,"8"" 90",1,230.0
BATCH-20260416-087,2026-04-16,Post-Intervention,"8"" 90",2,235.0
BATCH-20260416-087,2026-04-16,Post-Intervention,"8"" 90",3,249.0
BATCH-20260416-087,2026-04-16,Post-Intervention,"8"" 90",4,223.0
BATCH-20260416-087,2026-04-16,Post-Intervention,"8"" 90",5,249.0
BATCH-20260416-087,2026-04-16,Post-Intervention,"8"" 90",6,253.0
BATCH-20260416-087,2026-04-16,Post-Intervention,"8"" 90",7,226.0
BATCH-20260416-087,2026-04-16,Post-Intervention,"8"" 90",8,238.0
BATCH-20260416-087,2026-04-16,Post-Intervention,"8"" 90",9,239.0
BATCH-20260416-087,2026-04-16,Post-Intervention,"8"" 90",10,238.0
BATCH-20260416-087,2026-04-16,Post-Intervention,"8"" 90",11,238.0
BATCH-20260416-087,2026-04-16,Post-Intervention,"8"" 90",12,223.0
BATCH-20260416-087,2026-04-16,Post-Intervention,"8"" 90",13,241.0
BATCH-20260416-087,2026-04-16,Post-Intervention,"8"" 90",14,246.0
BATCH-20260416-087,2026-04-16,Post-Intervention,"8"" 90",15,235.0
BATCH-20260416-087,2026-04-16,Post-Intervention,"8"" 90",16,224.0
BATCH-20260416-087,2026-04-16,Post-Intervention,"8"" 90",17,244.0
BATCH-20260416-087,2026-04-16,Post-Intervention,"8"" 90",18,228.0
BATCH-20260416-087,2026-04-16,Post-Intervention,"8"" 90",19,241.0
BATCH-20260416-087,2026-04-16,Post-Intervention,"8"" 90",20,232.0
BATCH-20260416-087,2026-04-16,Post-Intervention,"8"" 90",21,234.0
BATCH-20260416-087,2026-04-16,Post-Intervention,"8"" 90",22,224.0
BATCH-20260416-087,2026-04-16,Post-Intervention,"8"" 90",23,231.0
BATCH-20260416-087,2026-04-16,Post-Intervention,"8"" 90",24,234.0
BATCH-20260416-087,2026-04-16,Post-Intervention,"8"" 90",25,228.0
BATCH-20260416-087,2026-04-16,Post-Intervention,"8"" 90",26,250.0
BATCH-20260416-087,2026-04-16,Post-Intervention,"8"" 90",27,239.0
BATCH-20260416-087,2026-04-16,Post-Intervention,"8"" 90",28,228.0
BATCH-20260416-087,2026-04-16,Post-Intervention,"8"" 90",29,254.0
BATCH-20260416-087,2026-04-16,Post-Intervention,"8"" 90",30,252.0
BATCH-20260416-087,2026-04-16,Post-Intervention,"8"" 90",31,237.0
BATCH-20260416-087,2026-04-16,Post-Intervention,"8"" 90",32,236.0
BATCH-20260416-087,2026-04-16,Post-Intervention,"8"" 90",33,220.0
BATCH-20260416-087,2026-04-16,Post-Intervention,"8"" 90",34,244.0
BATCH-20260416-087,2026-04-16,Post-Intervention,"8"" 90",35,245.0
BATCH-20260416-087,2026-04-16,Post-Intervention,"8"" 90",36,244.0
BATCH-20260416-087,2026-04-16,Post-Intervention,"8"" 90",37,240.0
BATCH-20260416-087,2026-04-16,Post-Intervention,"8"" 90",38,238.0
BATCH-20260416-087,2026-04-16,Post-Intervention,"8"" 90",39,228.0
BATCH-20260416-087,2026-04-16,Post-Intervention,"8"" 90",40,227.0
BATCH-20260416-087,2026-04-16,Post-Intervention,"8"" 90",41,220.0
BATCH-20260416-087,2026-04-16,Post-Intervention,"8"" 90",42,255.0
BATCH-20260416-087,2026-04-16,Post-Intervention,"8"" 90",43,236.0
BATCH-20260416-087,2026-04-16,Post-Intervention,"8"" 90",44,223.0
BATCH-20260416-087,2026-04-16,Post-Intervention,"8"" 90",45,247.0
BATCH-20260416-087,2026-04-16,Post-Intervention,"8"" 90",46,249.0
BATCH-20260416-087,2026-04-16,Post-Intervention,"8"" 90",47,234.0
BATCH-20260416-087,2026-04-16,Post-Intervention,"8"" 90",48,230.0
BATCH-20260417-088,2026-04-17,Post-Intervention,"8"" 90",1,224.0
BATCH-20260417-088,2026-04-17,Post-Intervention,"8"" 90",2,244.0
BATCH-20260417-088,2026-04-17,Post-Intervention,"8"" 90",3,241.0
BATCH-20260417-088,2026-04-17,Post-Intervention,"8"" 90",4,235.0
BATCH-20260417-088,2026-04-17,Post-Intervention,"8"" 90",5,233.0
BATCH-20260417-088,2026-04-17,Post-Intervention,"8"" 90",6,253.0
BATCH-20260417-088,2026-04-17,Post-Intervention,"8"" 90",7,227.0
BATCH-20260417-088,2026-04-17,Post-Intervention,"8"" 90",8,250.0
BATCH-20260417-088,2026-04-17,Post-Intervention,"8"" 90",9,244.0
BATCH-20260417-088,2026-04-17,Post-Intervention,"8"" 90",10,247.0
BATCH-20260417-088,2026-04-17,Post-Intervention,"8"" 90",11,226.0
BATCH-20260417-088,2026-04-17,Post-Intervention,"8"" 90",12,242.0
BATCH-20260417-088,2026-04-17,Post-Intervention,"8"" 90",13,244.0
BATCH-20260417-088,2026-04-17,Post-Intervention,"8"" 90",14,249.0
BATCH-20260417-088,2026-04-17,Post-Intervention,"8"" 90",15,230.0
BATCH-20260417-088,2026-04-17,Post-Intervention,"8"" 90",16,225.0
BATCH-20260417-088,2026-04-17,Post-Intervention,"8"" 90",17,233.0
BATCH-20260417-088,2026-04-17,Post-Intervention,"8"" 90",18,250.0
BATCH-20260417-088,2026-04-17,Post-Intervention,"8"" 90",19,232.0
BATCH-20260417-088,2026-04-17,Post-Intervention,"8"" 90",20,250.0
BATCH-20260417-088,2026-04-17,Post-Intervention,"8"" 90",21,240.0
BATCH-20260417-088,2026-04-17,Post-Intervention,"8"" 90",22,247.0
BATCH-20260417-088,2026-04-17,Post-Intervention,"8"" 90",23,226.0
BATCH-20260417-088,2026-04-17,Post-Intervention,"8"" 90",24,239.0
BATCH-20260417-088,2026-04-17,Post-Intervention,"8"" 90",25,227.0
BATCH-20260417-088,2026-04-17,Post-Intervention,"8"" 90",26,222.0
BATCH-20260417-088,2026-04-17,Post-Intervention,"8"" 90",27,236.0
BATCH-20260417-088,2026-04-17,Post-Intervention,"8"" 90",28,240.0
BATCH-20260417-088,2026-04-17,Post-Intervention,"8"" 90",29,236.0
BATCH-20260417-088,2026-04-17,Post-Intervention,"8"" 90",30,250.0
BATCH-20260417-088,2026-04-17,Post-Intervention,"8"" 90",31,243.0
BATCH-20260417-088,2026-04-17,Post-Intervention,"8"" 90",32,231.0
BATCH-20260417-088,2026-04-17,Post-Intervention,"8"" 90",33,248.0
BATCH-20260417-088,2026-04-17,Post-Intervention,"8"" 90",34,224.0
BATCH-20260417-088,2026-04-17,Post-Intervention,"8"" 90",35,245.0
BATCH-20260417-088,2026-04-17,Post-Intervention,"8"" 90",36,227.0
BATCH-20260417-088,2026-04-17,Post-Intervention,"8"" 90",37,251.0
BATCH-20260417-088,2026-04-17,Post-Intervention,"8"" 90",38,237.0
BATCH-20260417-088,2026-04-17,Post-Intervention,"8"" 90",39,248.0
BATCH-20260417-088,2026-04-17,Post-Intervention,"8"" 90",40,255.0
BATCH-20260417-088,2026-04-17,Post-Intervention,"8"" 90",41,242.0
BATCH-20260417-088,2026-04-17,Post-Intervention,"8"" 90",42,226.0
BATCH-20260417-088,2026-04-17,Post-Intervention,"8"" 90",43,251.0
BATCH-20260417-088,2026-04-17,Post-Intervention,"8"" 90",44,237.0
BATCH-20260417-088,2026-04-17,Post-Intervention,"8"" 90",45,246.0
BATCH-20260417-088,2026-04-17,Post-Intervention,"8"" 90",46,238.0
BATCH-20260417-088,2026-04-17,Post-Intervention,"8"" 90",47,227.0
BATCH-20260417-088,2026-04-17,Post-Intervention,"8"" 90",48,249.0
BATCH-20260422-089,2026-04-22,Post-Intervention,"8"" 90",1,239.0
BATCH-20260422-089,2026-04-22,Post-Intervention,"8"" 90",2,247.0
BATCH-20260422-089,2026-04-22,Post-Intervention,"8"" 90",3,249.0
BATCH-20260422-089,2026-04-22,Post-Intervention,"8"" 90",4,252.0
BATCH-20260422-089,2026-04-22,Post-Intervention,"8"" 90",5,226.0
BATCH-20260422-089,2026-04-22,Post-Intervention,"8"" 90",6,235.0
BATCH-20260422-089,2026-04-22,Post-Intervention,"8"" 90",7,223.0
BATCH-20260422-089,2026-04-22,Post-Intervention,"8"" 90",8,244.0
BATCH-20260422-089,2026-04-22,Post-Intervention,"8"" 90",9,230.0
BATCH-20260422-089,2026-04-22,Post-Intervention,"8"" 90",10,233.0
BATCH-20260422-089,2026-04-22,Post-Intervention,"8"" 90",11,234.0
BATCH-20260422-089,2026-04-22,Post-Intervention,"8"" 90",12,220.0
BATCH-20260422-089,2026-04-22,Post-Intervention,"8"" 90",13,231.0
BATCH-20260422-089,2026-04-22,Post-Intervention,"8"" 90",14,228.0
BATCH-20260422-089,2026-04-22,Post-Intervention,"8"" 90",15,235.0
BATCH-20260422-089,2026-04-22,Post-Intervention,"8"" 90",16,252.0
BATCH-20260422-089,2026-04-22,Post-Intervention,"8"" 90",17,220.0
BATCH-20260422-089,2026-04-22,Post-Intervention,"8"" 90",18,229.0
BATCH-20260422-089,2026-04-22,Post-Intervention,"8"" 90",19,239.0
BATCH-20260422-089,2026-04-22,Post-Intervention,"8"" 90",20,250.0
BATCH-20260422-089,2026-04-22,Post-Intervention,"8"" 90",21,228.0
BATCH-20260422-089,2026-04-22,Post-Intervention,"8"" 90",22,247.0
BATCH-20260422-089,2026-04-22,Post-Intervention,"8"" 90",23,247.0
BATCH-20260422-089,2026-04-22,Post-Intervention,"8"" 90",24,246.0
BATCH-20260422-089,2026-04-22,Post-Intervention,"8"" 90",25,247.0
BATCH-20260422-089,2026-04-22,Post-Intervention,"8"" 90",26,241.0
BATCH-20260422-089,2026-04-22,Post-Intervention,"8"" 90",27,255.0
BATCH-20260422-089,2026-04-22,Post-Intervention,"8"" 90",28,252.0
BATCH-20260422-089,2026-04-22,Post-Intervention,"8"" 90",29,224.0
BATCH-20260422-089,2026-04-22,Post-Intervention,"8"" 90",30,247.0
BATCH-20260422-089,2026-04-22,Post-Intervention,"8"" 90",31,251.0
BATCH-20260422-089,2026-04-22,Post-Intervention,"8"" 90",32,237.0
BATCH-20260422-089,2026-04-22,Post-Intervention,"8"" 90",33,245.0
BATCH-20260422-089,2026-04-22,Post-Intervention,"8"" 90",34,241.0
BATCH-20260422-089,2026-04-22,Post-Intervention,"8"" 90",35,223.0
BATCH-20260422-089,2026-04-22,Post-Intervention,"8"" 90",36,246.0
BATCH-20260423-090,2026-04-23,Post-Intervention,"8"" 90",1,227.0
BATCH-20260423-090,2026-04-23,Post-Intervention,"8"" 90",2,227.0
BATCH-20260423-090,2026-04-23,Post-Intervention,"8"" 90",3,232.0
BATCH-20260423-090,2026-04-23,Post-Intervention,"8"" 90",4,244.0
BATCH-20260423-090,2026-04-23,Post-Intervention,"8"" 90",5,248.0
BATCH-20260423-090,2026-04-23,Post-Intervention,"8"" 90",6,251.0
BATCH-20260423-090,2026-04-23,Post-Intervention,"8"" 90",7,236.0
BATCH-20260423-090,2026-04-23,Post-Intervention,"8"" 90",8,244.0
BATCH-20260423-090,2026-04-23,Post-Intervention,"8"" 90",9,224.0
BATCH-20260423-090,2026-04-23,Post-Intervention,"8"" 90",10,254.0
BATCH-20260423-090,2026-04-23,Post-Intervention,"8"" 90",11,252.0
BATCH-20260423-090,2026-04-23,Post-Intervention,"8"" 90",12,252.0
BATCH-20260423-090,2026-04-23,Post-Intervention,"8"" 90",13,229.0
BATCH-20260423-090,2026-04-23,Post-Intervention,"8"" 90",14,250.0
BATCH-20260423-090,2026-04-23,Post-Intervention,"8"" 90",15,237.0
BATCH-20260423-090,2026-04-23,Post-Intervention,"8"" 90",16,221.0
BATCH-20260423-090,2026-04-23,Post-Intervention,"8"" 90",17,222.0
BATCH-20260423-090,2026-04-23,Post-Intervention,"8"" 90",18,235.0
BATCH-20260423-090,2026-04-23,Post-Intervention,"8"" 90",19,238.0
BATCH-20260423-090,2026-04-23,Post-Intervention,"8"" 90",20,227.0
BATCH-20260423-090,2026-04-23,Post-Intervention,"8"" 90",21,224.0
BATCH-20260423-090,2026-04-23,Post-Intervention,"8"" 90",22,242.0
BATCH-20260423-090,2026-04-23,Post-Intervention,"8"" 90",23,232.0
BATCH-20260423-090,2026-04-23,Post-Intervention,"8"" 90",24,249.0
BATCH-20260423-090,2026-04-23,Post-Intervention,"8"" 90",25,240.0
BATCH-20260423-090,2026-04-23,Post-Intervention,"8"" 90",26,250.0
BATCH-20260423-090,2026-04-23,Post-Intervention,"8"" 90",27,224.0
BATCH-20260423-090,2026-04-23,Post-Intervention,"8"" 90",28,254.0
BATCH-20260423-090,2026-04-23,Post-Intervention,"8"" 90",29,235.0
BATCH-20260423-090,2026-04-23,Post-Intervention,"8"" 90",30,236.0
BATCH-20260423-090,2026-04-23,Post-Intervention,"8"" 90",31,235.0
BATCH-20260423-090,2026-04-23,Post-Intervention,"8"" 90",32,234.0
BATCH-20260423-090,2026-04-23,Post-Intervention,"8"" 90",33,255.0
BATCH-20260423-090,2026-04-23,Post-Intervention,"8"" 90",34,235.0
BATCH-20260423-090,2026-04-23,Post-Intervention,"8"" 90",35,243.0
BATCH-20260423-090,2026-04-23,Post-Intervention,"8"" 90",36,236.0
BATCH-20260423-090,2026-04-23,Post-Intervention,"8"" 90",37,245.0
BATCH-20260423-090,2026-04-23,Post-Intervention,"8"" 90",38,248.0
BATCH-20260423-090,2026-04-23,Post-Intervention,"8"" 90",39,249.0
BATCH-20260423-090,2026-04-23,Post-Intervention,"8"" 90",40,245.0
BATCH-20260423-090,2026-04-23,Post-Intervention,"8"" 90",41,250.0
BATCH-20260423-090,2026-04-23,Post-Intervention,"8"" 90",42,248.0
BATCH-20260423-090,2026-04-23,Post-Intervention,"8"" 90",43,253.0
BATCH-20260423-090,2026-04-23,Post-Intervention,"8"" 90",44,229.0
BATCH-20260423-090,2026-04-23,Post-Intervention,"8"" 90",45,255.0
BATCH-20260423-090,2026-04-23,Post-Intervention,"8"" 90",46,240.0
BATCH-20260423-090,2026-04-23,Post-Intervention,"8"" 90",47,249.0
BATCH-20260423-090,2026-04-23,Post-Intervention,"8"" 90",48,246.0
BATCH-20260423-090,2026-04-23,Post-Intervention,"8"" 90",49,228.0
BATCH-20260423-090,2026-04-23,Post-Intervention,"8"" 90",50,247.0
BATCH-20260423-090,2026-04-23,Post-Intervention,"8"" 90",51,254.0
BATCH-20260423-090,2026-04-23,Post-Intervention,"8"" 90",52,224.0
BATCH-20260423-090,2026-04-23,Post-Intervention,"8"" 90",53,240.0
BATCH-20260423-090,2026-04-23,Post-Intervention,"8"" 90",54,239.0
BATCH-20260423-090,2026-04-23,Post-Intervention,"8"" 90",55,246.0
BATCH-20260423-090,2026-04-23,Post-Intervention,"8"" 90",56,231.0
BATCH-20260424-091,2026-04-24,Post-Intervention,"8"" 90",1,245.0
BATCH-20260424-091,2026-04-24,Post-Intervention,"8"" 90",2,235.0
BATCH-20260424-091,2026-04-24,Post-Intervention,"8"" 90",3,231.0
BATCH-20260424-091,2026-04-24,Post-Intervention,"8"" 90",4,255.0
BATCH-20260424-091,2026-04-24,Post-Intervention,"8"" 90",5,245.0
BATCH-20260424-091,2026-04-24,Post-Intervention,"8"" 90",6,220.0
BATCH-20260424-091,2026-04-24,Post-Intervention,"8"" 90",7,220.0
BATCH-20260424-091,2026-04-24,Post-Intervention,"8"" 90",8,251.0
BATCH-20260424-091,2026-04-24,Post-Intervention,"8"" 90",9,240.0
BATCH-20260424-091,2026-04-24,Post-Intervention,"8"" 90",10,246.0
BATCH-20260424-091,2026-04-24,Post-Intervention,"8"" 90",11,250.0
BATCH-20260424-091,2026-04-24,Post-Intervention,"8"" 90",12,242.0
BATCH-20260424-091,2026-04-24,Post-Intervention,"8"" 90",13,242.0
BATCH-20260424-091,2026-04-24,Post-Intervention,"8"" 90",14,239.0
BATCH-20260424-091,2026-04-24,Post-Intervention,"8"" 90",15,227.0
BATCH-20260424-091,2026-04-24,Post-Intervention,"8"" 90",16,230.0
BATCH-20260424-091,2026-04-24,Post-Intervention,"8"" 90",17,241.0
BATCH-20260424-091,2026-04-24,Post-Intervention,"8"" 90",18,240.0
BATCH-20260424-091,2026-04-24,Post-Intervention,"8"" 90",19,234.0
BATCH-20260424-091,2026-04-24,Post-Intervention,"8"" 90",20,254.0
BATCH-20260424-091,2026-04-24,Post-Intervention,"8"" 90",21,242.0
BATCH-20260424-091,2026-04-24,Post-Intervention,"8"" 90",22,241.0
BATCH-20260424-091,2026-04-24,Post-Intervention,"8"" 90",23,252.0
BATCH-20260424-091,2026-04-24,Post-Intervention,"8"" 90",24,250.0
BATCH-20260424-091,2026-04-24,Post-Intervention,"8"" 90",25,236.0
BATCH-20260424-091,2026-04-24,Post-Intervention,"8"" 90",26,226.0
BATCH-20260424-091,2026-04-24,Post-Intervention,"8"" 90",27,244.0
BATCH-20260424-091,2026-04-24,Post-Intervention,"8"" 90",28,236.0
BATCH-20260424-091,2026-04-24,Post-Intervention,"8"" 90",29,222.0
BATCH-20260425-092,2026-04-25,Post-Intervention,"8"" 90",1,233.0
BATCH-20260425-092,2026-04-25,Post-Intervention,"8"" 90",2,224.0
BATCH-20260425-092,2026-04-25,Post-Intervention,"8"" 90",3,238.0
BATCH-20260425-092,2026-04-25,Post-Intervention,"8"" 90",4,247.0
BATCH-20260425-092,2026-04-25,Post-Intervention,"8"" 90",5,231.0
BATCH-20260425-092,2026-04-25,Post-Intervention,"8"" 90",6,230.0
BATCH-20260425-092,2026-04-25,Post-Intervention,"8"" 90",7,247.0
BATCH-20260425-092,2026-04-25,Post-Intervention,"8"" 90",8,236.0
BATCH-20260425-092,2026-04-25,Post-Intervention,"8"" 90",9,248.0
BATCH-20260425-092,2026-04-25,Post-Intervention,"8"" 90",10,249.0
BATCH-20260425-092,2026-04-25,Post-Intervention,"8"" 90",11,235.0
BATCH-20260425-092,2026-04-25,Post-Intervention,"8"" 90",12,239.0
BATCH-20260428-093,2026-04-28,Post-Intervention,"8"" 90",1,244.0
BATCH-20260428-093,2026-04-28,Post-Intervention,"8"" 90",2,238.0
BATCH-20260428-093,2026-04-28,Post-Intervention,"8"" 90",3,240.0
BATCH-20260428-093,2026-04-28,Post-Intervention,"8"" 90",4,233.0
BATCH-20260428-093,2026-04-28,Post-Intervention,"8"" 90",5,247.0
BATCH-20260428-093,2026-04-28,Post-Intervention,"8"" 90",6,228.0
BATCH-20260428-093,2026-04-28,Post-Intervention,"8"" 90",7,238.0
BATCH-20260428-093,2026-04-28,Post-Intervention,"8"" 90",8,243.0
BATCH-20260428-093,2026-04-28,Post-Intervention,"8"" 90",9,227.0
BATCH-20260428-093,2026-04-28,Post-Intervention,"8"" 90",10,228.0
BATCH-20260428-093,2026-04-28,Post-Intervention,"8"" 90",11,232.0
BATCH-20260428-093,2026-04-28,Post-Intervention,"8"" 90",12,239.0
BATCH-20260428-093,2026-04-28,Post-Intervention,"8"" 90",13,235.0
BATCH-20260428-093,2026-04-28,Post-Intervention,"8"" 90",14,243.0
BATCH-20260428-093,2026-04-28,Post-Intervention,"8"" 90",15,244.0
BATCH-20260428-093,2026-04-28,Post-Intervention,"8"" 90",16,227.0
BATCH-20260428-093,2026-04-28,Post-Intervention,"8"" 90",17,249.0
BATCH-20260428-093,2026-04-28,Post-Intervention,"8"" 90",18,244.0
BATCH-20260428-093,2026-04-28,Post-Intervention,"8"" 90",19,235.0
BATCH-20260428-093,2026-04-28,Post-Intervention,"8"" 90",20,233.0
BATCH-20260428-093,2026-04-28,Post-Intervention,"8"" 90",21,230.0
BATCH-20260428-093,2026-04-28,Post-Intervention,"8"" 90",22,245.0
BATCH-20260428-093,2026-04-28,Post-Intervention,"8"" 90",23,255.0
BATCH-20260428-093,2026-04-28,Post-Intervention,"8"" 90",24,229.0
BATCH-20260428-093,2026-04-28,Post-Intervention,"8"" 90",25,240.0
BATCH-20260428-093,2026-04-28,Post-Intervention,"8"" 90",26,238.0
BATCH-20260428-093,2026-04-28,Post-Intervention,"8"" 90",27,245.0
BATCH-20260428-093,2026-04-28,Post-Intervention,"8"" 90",28,235.0
BATCH-20260428-093,2026-04-28,Post-Intervention,"8"" 90",29,232.0
BATCH-20260428-093,2026-04-28,Post-Intervention,"8"" 90",30,245.0
BATCH-20260428-093,2026-04-28,Post-Intervention,"8"" 90",31,238.0
BATCH-20260428-093,2026-04-28,Post-Intervention,"8"" 90",32,249.0
BATCH-20260428-093,2026-04-28,Post-Intervention,"8"" 90",33,249.0
BATCH-20260428-093,2026-04-28,Post-Intervention,"8"" 90",34,242.0
BATCH-20260428-093,2026-04-28,Post-Intervention,"8"" 90",35,253.0
BATCH-20260428-093,2026-04-28,Post-Intervention,"8"" 90",36,221.0
BATCH-20260428-093,2026-04-28,Post-Intervention,"8"" 90",37,229.0
BATCH-20260428-093,2026-04-28,Post-Intervention,"8"" 90",38,254.0
BATCH-20260428-093,2026-04-28,Post-Intervention,"8"" 90",39,254.0
BATCH-20260428-093,2026-04-28,Post-Intervention,"8"" 90",40,253.0
BATCH-20260428-093,2026-04-28,Post-Intervention,"8"" 90",41,244.0
BATCH-20260428-093,2026-04-28,Post-Intervention,"8"" 90",42,252.0
BATCH-20260428-093,2026-04-28,Post-Intervention,"8"" 90",43,223.0
BATCH-20260428-093,2026-04-28,Post-Intervention,"8"" 90",44,253.0
BATCH-20260428-093,2026-04-28,Post-Intervention,"8"" 90",45,223.0
BATCH-20260428-093,2026-04-28,Post-Intervention,"8"" 90",46,246.0
BATCH-20260428-093,2026-04-28,Post-Intervention,"8"" 90",47,254.0
BATCH-20260428-093,2026-04-28,Post-Intervention,"8"" 90",48,239.0
BATCH-20260428-093,2026-04-28,Post-Intervention,"8"" 90",49,238.0
BATCH-20260428-093,2026-04-28,Post-Intervention,"8"" 90",50,233.0
BATCH-20260428-093,2026-04-28,Post-Intervention,"8"" 90",51,225.0
BATCH-20260428-093,2026-04-28,Post-Intervention,"8"" 90",52,225.0
BATCH-20260428-093,2026-04-28,Post-Intervention,"8"" 90",53,229.0
BATCH-20260428-093,2026-04-28,Post-Intervention,"8"" 90",54,255.0
BATCH-20260428-093,2026-04-28,Post-Intervention,"8"" 90",55,226.0
BATCH-20260429-094,2026-04-29,Post-Intervention,"8"" 90",1,238.0
BATCH-20260429-094,2026-04-29,Post-Intervention,"8"" 90",2,220.0
BATCH-20260429-094,2026-04-29,Post-Intervention,"8"" 90",3,250.0
BATCH-20260429-094,2026-04-29,Post-Intervention,"8"" 90",4,236.0
BATCH-20260429-094,2026-04-29,Post-Intervention,"8"" 90",5,249.0
BATCH-20260429-094,2026-04-29,Post-Intervention,"8"" 90",6,236.0
BATCH-20260429-094,2026-04-29,Post-Intervention,"8"" 90",7,244.0
BATCH-20260429-094,2026-04-29,Post-Intervention,"8"" 90",8,246.0
BATCH-20260429-094,2026-04-29,Post-Intervention,"8"" 90",9,249.0
BATCH-20260429-094,2026-04-29,Post-Intervention,"8"" 90",10,243.0
BATCH-20260429-094,2026-04-29,Post-Intervention,"8"" 90",11,253.0
BATCH-20260429-094,2026-04-29,Post-Intervention,"8"" 90",12,249.0
BATCH-20260429-094,2026-04-29,Post-Intervention,"8"" 90",13,235.0
BATCH-20260429-094,2026-04-29,Post-Intervention,"8"" 90",14,247.0
BATCH-20260429-094,2026-04-29,Post-Intervention,"8"" 90",15,237.0
BATCH-20260429-094,2026-04-29,Post-Intervention,"8"" 90",16,239.0
BATCH-20260429-094,2026-04-29,Post-Intervention,"8"" 90",17,238.0
BATCH-20260429-094,2026-04-29,Post-Intervention,"8"" 90",18,243.0
BATCH-20260429-094,2026-04-29,Post-Intervention,"8"" 90",19,220.0
BATCH-20260429-094,2026-04-29,Post-Intervention,"8"" 90",20,251.0
BATCH-20260429-094,2026-04-29,Post-Intervention,"8"" 90",21,243.0
BATCH-20260429-094,2026-04-29,Post-Intervention,"8"" 90",22,233.0
BATCH-20260429-094,2026-04-29,Post-Intervention,"8"" 90",23,231.0
BATCH-20260429-094,2026-04-29,Post-Intervention,"8"" 90",24,232.0
BATCH-20260430-095,2026-04-30,Post-Intervention,"8"" 90",1,248.0
BATCH-20260430-095,2026-04-30,Post-Intervention,"8"" 90",2,246.0
BATCH-20260430-095,2026-04-30,Post-Intervention,"8"" 90",3,252.0
BATCH-20260430-095,2026-04-30,Post-Intervention,"8"" 90",4,239.0
BATCH-20260430-095,2026-04-30,Post-Intervention,"8"" 90",5,253.0
BATCH-20260430-095,2026-04-30,Post-Intervention,"8"" 90",6,242.0
BATCH-20260430-095,2026-04-30,Post-Intervention,"8"" 90",7,221.0
BATCH-20260430-095,2026-04-30,Post-Intervention,"8"" 90",8,239.0
BATCH-20260306-096,2026-03-06,Pre-Intervention,"8"" 90",1,250.0
BATCH-20260306-096,2026-03-06,Pre-Intervention,"8"" 90",2,211.0
BATCH-20260306-096,2026-03-06,Pre-Intervention,"8"" 90",3,225.0
BATCH-20260306-096,2026-03-06,Pre-Intervention,"8"" 90",4,223.0
BATCH-20260306-096,2026-03-06,Pre-Intervention,"8"" 90",5,224.0
BATCH-20260306-096,2026-03-06,Pre-Intervention,"8"" 90",6,220.0
BATCH-20260306-096,2026-03-06,Pre-Intervention,"8"" 90",7,215.0
BATCH-20260306-096,2026-03-06,Pre-Intervention,"8"" 90",8,240.0
BATCH-20260306-096,2026-03-06,Pre-Intervention,"8"" 90",9,246.0
BATCH-20260306-096,2026-03-06,Pre-Intervention,"8"" 90",10,215.0
BATCH-20260306-096,2026-03-06,Pre-Intervention,"8"" 90",11,215.0
BATCH-20260306-096,2026-03-06,Pre-Intervention,"8"" 90",12,238.0
BATCH-20260306-096,2026-03-06,Pre-Intervention,"8"" 90",13,247.0
BATCH-20260306-096,2026-03-06,Pre-Intervention,"8"" 90",14,228.0
BATCH-20260306-096,2026-03-06,Pre-Intervention,"8"" 90",15,228.0
BATCH-20260306-096,2026-03-06,Pre-Intervention,"8"" 90",16,220.0
BATCH-20260306-096,2026-03-06,Pre-Intervention,"8"" 90",17,226.0
BATCH-20260306-096,2026-03-06,Pre-Intervention,"8"" 90",18,224.0
BATCH-20260306-096,2026-03-06,Pre-Intervention,"8"" 90",19,220.0
BATCH-20260306-096,2026-03-06,Pre-Intervention,"8"" 90",20,224.0
BATCH-20260306-096,2026-03-06,Pre-Intervention,"8"" 90",21,238.0
BATCH-20260306-096,2026-03-06,Pre-Intervention,"8"" 90",22,249.0
BATCH-20260306-096,2026-03-06,Pre-Intervention,"8"" 90",23,249.0
BATCH-20260306-096,2026-03-06,Pre-Intervention,"8"" 90",24,231.0
BATCH-20260306-096,2026-03-06,Pre-Intervention,"8"" 90",25,232.0
BATCH-20260306-096,2026-03-06,Pre-Intervention,"8"" 90",26,224.0
BATCH-20260306-096,2026-03-06,Pre-Intervention,"8"" 90",27,214.0
BATCH-20260306-096,2026-03-06,Pre-Intervention,"8"" 90",28,240.0
BATCH-20260306-096,2026-03-06,Pre-Intervention,"8"" 90",29,218.0
BATCH-20260306-096,2026-03-06,Pre-Intervention,"8"" 90",30,236.0
BATCH-20260306-096,2026-03-06,Pre-Intervention,"8"" 90",31,230.0
BATCH-20260306-096,2026-03-06,Pre-Intervention,"8"" 90",32,220.0
BATCH-20260306-096,2026-03-06,Pre-Intervention,"8"" 90",33,244.0
BATCH-20260306-096,2026-03-06,Pre-Intervention,"8"" 90",34,244.0
BATCH-20260306-096,2026-03-06,Pre-Intervention,"8"" 90",35,219.0
BATCH-20260306-096,2026-03-06,Pre-Intervention,"8"" 90",36,211.0
BATCH-20260306-096,2026-03-06,Pre-Intervention,"8"" 90",37,232.0
BATCH-20260306-096,2026-03-06,Pre-Intervention,"8"" 90",38,244.0
BATCH-20260306-096,2026-03-06,Pre-Intervention,"8"" 90",39,248.0
BATCH-20260306-096,2026-03-06,Pre-Intervention,"8"" 90",40,236.0
BATCH-20260306-096,2026-03-06,Pre-Intervention,"8"" 90",41,240.0
BATCH-20260306-096,2026-03-06,Pre-Intervention,"8"" 90",42,213.0
BATCH-20260306-096,2026-03-06,Pre-Intervention,"8"" 90",43,211.0
BATCH-20260306-096,2026-03-06,Pre-Intervention,"8"" 90",44,223.0
BATCH-20260306-096,2026-03-06,Pre-Intervention,"8"" 90",45,248.0
BATCH-20260306-096,2026-03-06,Pre-Intervention,"8"" 90",46,211.0
BATCH-20260306-096,2026-03-06,Pre-Intervention,"8"" 90",47,213.0
BATCH-20260306-096,2026-03-06,Pre-Intervention,"8"" 90",48,211.0
BATCH-20260306-096,2026-03-06,Pre-Intervention,"8"" 90",49,250.0
BATCH-20260307-097,2026-03-07,Pre-Intervention,"8"" 90",1,244.0
BATCH-20260307-097,2026-03-07,Pre-Intervention,"8"" 90",2,243.0
BATCH-20260307-097,2026-03-07,Pre-Intervention,"8"" 90",3,260.0
BATCH-20260307-097,2026-03-07,Pre-Intervention,"8"" 90",4,253.0
BATCH-20260307-097,2026-03-07,Pre-Intervention,"8"" 90",5,254.0
BATCH-20260307-097,2026-03-07,Pre-Intervention,"8"" 90",6,231.0
BATCH-20260307-097,2026-03-07,Pre-Intervention,"8"" 90",7,252.0
BATCH-20260307-097,2026-03-07,Pre-Intervention,"8"" 90",8,249.0
BATCH-20260307-097,2026-03-07,Pre-Intervention,"8"" 90",9,248.0
BATCH-20260307-097,2026-03-07,Pre-Intervention,"8"" 90",10,241.0
BATCH-20260307-097,2026-03-07,Pre-Intervention,"8"" 90",11,251.0
BATCH-20260307-097,2026-03-07,Pre-Intervention,"8"" 90",12,245.0
BATCH-20260307-097,2026-03-07,Pre-Intervention,"8"" 90",13,247.0
BATCH-20260307-097,2026-03-07,Pre-Intervention,"8"" 90",14,247.0
BATCH-20260307-097,2026-03-07,Pre-Intervention,"8"" 90",15,230.0
BATCH-20260307-097,2026-03-07,Pre-Intervention,"8"" 90",16,246.0
BATCH-20260307-097,2026-03-07,Pre-Intervention,"8"" 90",17,236.0
BATCH-20260307-097,2026-03-07,Pre-Intervention,"8"" 90",18,239.0
BATCH-20260307-097,2026-03-07,Pre-Intervention,"8"" 90",19,230.0
BATCH-20260307-097,2026-03-07,Pre-Intervention,"8"" 90",20,252.0
BATCH-20260307-097,2026-03-07,Pre-Intervention,"8"" 90",21,245.0
BATCH-20260307-097,2026-03-07,Pre-Intervention,"8"" 90",22,231.0
BATCH-20260307-097,2026-03-07,Pre-Intervention,"8"" 90",23,250.0
BATCH-20260307-097,2026-03-07,Pre-Intervention,"8"" 90",24,259.0
BATCH-20260307-097,2026-03-07,Pre-Intervention,"8"" 90",25,242.0
BATCH-20260307-097,2026-03-07,Pre-Intervention,"8"" 90",26,244.0
BATCH-20260307-097,2026-03-07,Pre-Intervention,"8"" 90",27,249.0
BATCH-20260307-097,2026-03-07,Pre-Intervention,"8"" 90",28,240.0
BATCH-20260307-097,2026-03-07,Pre-Intervention,"8"" 90",29,254.0
BATCH-20260307-097,2026-03-07,Pre-Intervention,"8"" 90",30,248.0
BATCH-20260307-097,2026-03-07,Pre-Intervention,"8"" 90",31,237.0
BATCH-20260307-097,2026-03-07,Pre-Intervention,"8"" 90",32,236.0
BATCH-20260307-097,2026-03-07,Pre-Intervention,"8"" 90",33,248.0
BATCH-20260307-097,2026-03-07,Pre-Intervention,"8"" 90",34,238.0
BATCH-20260307-097,2026-03-07,Pre-Intervention,"8"" 90",35,233.0
BATCH-20260307-097,2026-03-07,Pre-Intervention,"8"" 90",36,237.0
BATCH-20260307-097,2026-03-07,Pre-Intervention,"8"" 90",37,245.0
BATCH-20260307-097,2026-03-07,Pre-Intervention,"8"" 90",38,251.0
BATCH-20260307-097,2026-03-07,Pre-Intervention,"8"" 90",39,237.0
BATCH-20260307-097,2026-03-07,Pre-Intervention,"8"" 90",40,238.0
BATCH-20260307-097,2026-03-07,Pre-Intervention,"8"" 90",41,259.0
BATCH-20260307-097,2026-03-07,Pre-Intervention,"8"" 90",42,245.0
BATCH-20260307-097,2026-03-07,Pre-Intervention,"8"" 90",43,239.0
BATCH-20260307-097,2026-03-07,Pre-Intervention,"8"" 90",44,232.0
BATCH-20260307-097,2026-03-07,Pre-Intervention,"8"" 90",45,244.0
BATCH-20260307-097,2026-03-07,Pre-Intervention,"8"" 90",46,252.0
BATCH-20260307-097,2026-03-07,Pre-Intervention,"8"" 90",47,255.0
BATCH-20260307-097,2026-03-07,Pre-Intervention,"8"" 90",48,242.0
BATCH-20260307-097,2026-03-07,Pre-Intervention,"8"" 90",49,253.0
BATCH-20260307-097,2026-03-07,Pre-Intervention,"8"" 90",50,259.0
BATCH-20260307-097,2026-03-07,Pre-Intervention,"8"" 90",51,232.0
BATCH-20260307-097,2026-03-07,Pre-Intervention,"8"" 90",52,244.0
BATCH-20260307-097,2026-03-07,Pre-Intervention,"8"" 90",53,243.0
BATCH-20260307-097,2026-03-07,Pre-Intervention,"8"" 90",54,259.0
BATCH-20260307-097,2026-03-07,Pre-Intervention,"8"" 90",55,251.0
BATCH-20260307-097,2026-03-07,Pre-Intervention,"8"" 90",56,250.0
BATCH-20260310-098,2026-03-10,Pre-Intervention,"8"" 90",1,234.0
BATCH-20260310-098,2026-03-10,Pre-Intervention,"8"" 90",2,231.0
BATCH-20260310-098,2026-03-10,Pre-Intervention,"8"" 90",3,226.0
BATCH-20260310-098,2026-03-10,Pre-Intervention,"8"" 90",4,238.0
BATCH-20260310-098,2026-03-10,Pre-Intervention,"8"" 90",5,239.0
BATCH-20260310-098,2026-03-10,Pre-Intervention,"8"" 90",6,238.0
BATCH-20260310-098,2026-03-10,Pre-Intervention,"8"" 90",7,235.0
BATCH-20260310-098,2026-03-10,Pre-Intervention,"8"" 90",8,225.0
BATCH-20260310-098,2026-03-10,Pre-Intervention,"8"" 90",9,220.0
BATCH-20260311-099,2026-03-11,Pre-Intervention,"8"" 90",1,231.0
BATCH-20260311-099,2026-03-11,Pre-Intervention,"8"" 90",2,257.0
BATCH-20260311-099,2026-03-11,Pre-Intervention,"8"" 90",3,247.0
BATCH-20260311-099,2026-03-11,Pre-Intervention,"8"" 90",4,241.0
BATCH-20260311-099,2026-03-11,Pre-Intervention,"8"" 90",5,250.0
BATCH-20260311-099,2026-03-11,Pre-Intervention,"8"" 90",6,256.0
BATCH-20260311-099,2026-03-11,Pre-Intervention,"8"" 90",7,233.0
BATCH-20260311-099,2026-03-11,Pre-Intervention,"8"" 90",8,235.0
BATCH-20260311-099,2026-03-11,Pre-Intervention,"8"" 90",9,258.0
BATCH-20260311-099,2026-03-11,Pre-Intervention,"8"" 90",10,237.0
BATCH-20260311-099,2026-03-11,Pre-Intervention,"8"" 90",11,235.0
BATCH-20260311-099,2026-03-11,Pre-Intervention,"8"" 90",12,258.0
BATCH-20260311-099,2026-03-11,Pre-Intervention,"8"" 90",13,255.0
BATCH-20260311-099,2026-03-11,Pre-Intervention,"8"" 90",14,260.0
BATCH-20260311-099,2026-03-11,Pre-Intervention,"8"" 90",15,247.0
BATCH-20260311-099,2026-03-11,Pre-Intervention,"8"" 90",16,249.0
BATCH-20260311-099,2026-03-11,Pre-Intervention,"8"" 90",17,237.0
BATCH-20260311-099,2026-03-11,Pre-Intervention,"8"" 90",18,258.0
BATCH-20260311-099,2026-03-11,Pre-Intervention,"8"" 90",19,235.0
BATCH-20260311-099,2026-03-11,Pre-Intervention,"8"" 90",20,248.0
BATCH-20260311-099,2026-03-11,Pre-Intervention,"8"" 90",21,238.0
BATCH-20260311-099,2026-03-11,Pre-Intervention,"8"" 90",22,259.0
BATCH-20260311-099,2026-03-11,Pre-Intervention,"8"" 90",23,245.0
BATCH-20260311-099,2026-03-11,Pre-Intervention,"8"" 90",24,255.0
BATCH-20260311-099,2026-03-11,Pre-Intervention,"8"" 90",25,231.0
BATCH-20260311-099,2026-03-11,Pre-Intervention,"8"" 90",26,243.0
BATCH-20260311-099,2026-03-11,Pre-Intervention,"8"" 90",27,233.0
BATCH-20260311-099,2026-03-11,Pre-Intervention,"8"" 90",28,248.0
BATCH-20260311-099,2026-03-11,Pre-Intervention,"8"" 90",29,236.0
BATCH-20260311-099,2026-03-11,Pre-Intervention,"8"" 90",30,234.0
BATCH-20260311-099,2026-03-11,Pre-Intervention,"8"" 90",31,249.0
BATCH-20260311-099,2026-03-11,Pre-Intervention,"8"" 90",32,232.0
BATCH-20260311-099,2026-03-11,Pre-Intervention,"8"" 90",33,250.0
BATCH-20260311-099,2026-03-11,Pre-Intervention,"8"" 90",34,232.0
BATCH-20260311-099,2026-03-11,Pre-Intervention,"8"" 90",35,236.0
BATCH-20260311-099,2026-03-11,Pre-Intervention,"8"" 90",36,231.0
BATCH-20260311-099,2026-03-11,Pre-Intervention,"8"" 90",37,248.0
BATCH-20260311-099,2026-03-11,Pre-Intervention,"8"" 90",38,230.0
BATCH-20260311-099,2026-03-11,Pre-Intervention,"8"" 90",39,237.0
BATCH-20260311-099,2026-03-11,Pre-Intervention,"8"" 90",40,246.0
BATCH-20260311-099,2026-03-11,Pre-Intervention,"8"" 90",41,243.0
BATCH-20260311-099,2026-03-11,Pre-Intervention,"8"" 90",42,256.0
BATCH-20260311-099,2026-03-11,Pre-Intervention,"8"" 90",43,253.0
BATCH-20260311-099,2026-03-11,Pre-Intervention,"8"" 90",44,238.0
BATCH-20260311-099,2026-03-11,Pre-Intervention,"8"" 90",45,256.0
BATCH-20260311-099,2026-03-11,Pre-Intervention,"8"" 90",46,250.0
BATCH-20260311-099,2026-03-11,Pre-Intervention,"8"" 90",47,231.0
BATCH-20260311-099,2026-03-11,Pre-Intervention,"8"" 90",48,258.0
BATCH-20260311-099,2026-03-11,Pre-Intervention,"8"" 90",49,249.0
BATCH-20260311-099,2026-03-11,Pre-Intervention,"8"" 90",50,240.0
BATCH-20260311-099,2026-03-11,Pre-Intervention,"8"" 90",51,236.0
BATCH-20260311-099,2026-03-11,Pre-Intervention,"8"" 90",52,246.0
BATCH-20260311-099,2026-03-11,Pre-Intervention,"8"" 90",53,240.0
BATCH-20260311-099,2026-03-11,Pre-Intervention,"8"" 90",54,232.0
BATCH-20260311-099,2026-03-11,Pre-Intervention,"8"" 90",55,253.0
BATCH-20260311-099,2026-03-11,Pre-Intervention,"8"" 90",56,252.0
BATCH-20260311-099,2026-03-11,Pre-Intervention,"8"" 90",57,260.0
BATCH-20260311-099,2026-03-11,Pre-Intervention,"8"" 90",58,239.0
BATCH-20260311-099,2026-03-11,Pre-Intervention,"8"" 90",59,233.0
BATCH-20260311-099,2026-03-11,Pre-Intervention,"8"" 90",60,259.0
BATCH-20260313-100,2026-03-13,Pre-Intervention,"8"" 90",1,238.0
BATCH-20260313-100,2026-03-13,Pre-Intervention,"8"" 90",2,244.0
BATCH-20260313-100,2026-03-13,Pre-Intervention,"8"" 90",3,241.0
BATCH-20260313-100,2026-03-13,Pre-Intervention,"8"" 90",4,249.0
BATCH-20260313-100,2026-03-13,Pre-Intervention,"8"" 90",5,236.0
BATCH-20260313-100,2026-03-13,Pre-Intervention,"8"" 90",6,257.0
BATCH-20260313-100,2026-03-13,Pre-Intervention,"8"" 90",7,244.0
BATCH-20260313-100,2026-03-13,Pre-Intervention,"8"" 90",8,240.0
BATCH-20260313-100,2026-03-13,Pre-Intervention,"8"" 90",9,255.0
BATCH-20260313-100,2026-03-13,Pre-Intervention,"8"" 90",10,259.0
BATCH-20260313-100,2026-03-13,Pre-Intervention,"8"" 90",11,233.0
BATCH-20260313-100,2026-03-13,Pre-Intervention,"8"" 90",12,257.0
BATCH-20260313-100,2026-03-13,Pre-Intervention,"8"" 90",13,253.0
BATCH-20260313-100,2026-03-13,Pre-Intervention,"8"" 90",14,238.0
BATCH-20260313-100,2026-03-13,Pre-Intervention,"8"" 90",15,230.0
BATCH-20260313-100,2026-03-13,Pre-Intervention,"8"" 90",16,252.0
BATCH-20260313-100,2026-03-13,Pre-Intervention,"8"" 90",17,242.0
BATCH-20260313-100,2026-03-13,Pre-Intervention,"8"" 90",18,235.0
BATCH-20260313-100,2026-03-13,Pre-Intervention,"8"" 90",19,244.0
BATCH-20260313-100,2026-03-13,Pre-Intervention,"8"" 90",20,234.0
BATCH-20260313-100,2026-03-13,Pre-Intervention,"8"" 90",21,250.0
BATCH-20260313-100,2026-03-13,Pre-Intervention,"8"" 90",22,241.0
BATCH-20260313-100,2026-03-13,Pre-Intervention,"8"" 90",23,245.0
BATCH-20260313-100,2026-03-13,Pre-Intervention,"8"" 90",24,258.0
BATCH-20260313-100,2026-03-13,Pre-Intervention,"8"" 90",25,252.0
BATCH-20260313-100,2026-03-13,Pre-Intervention,"8"" 90",26,260.0
BATCH-20260313-100,2026-03-13,Pre-Intervention,"8"" 90",27,252.0
BATCH-20260313-100,2026-03-13,Pre-Intervention,"8"" 90",28,252.0
BATCH-20260313-100,2026-03-13,Pre-Intervention,"8"" 90",29,240.0
BATCH-20260317-101,2026-03-17,Pre-Intervention,"8"" 90",1,250.0
BATCH-20260317-101,2026-03-17,Pre-Intervention,"8"" 90",2,237.0
BATCH-20260317-101,2026-03-17,Pre-Intervention,"8"" 90",3,246.0
BATCH-20260317-101,2026-03-17,Pre-Intervention,"8"" 90",4,238.0
BATCH-20260317-101,2026-03-17,Pre-Intervention,"8"" 90",5,239.0
BATCH-20260317-101,2026-03-17,Pre-Intervention,"8"" 90",6,255.0
BATCH-20260317-101,2026-03-17,Pre-Intervention,"8"" 90",7,240.0
BATCH-20260317-101,2026-03-17,Pre-Intervention,"8"" 90",8,250.0
BATCH-20260317-101,2026-03-17,Pre-Intervention,"8"" 90",9,238.0
BATCH-20260317-101,2026-03-17,Pre-Intervention,"8"" 90",10,234.0
BATCH-20260317-101,2026-03-17,Pre-Intervention,"8"" 90",11,256.0
BATCH-20260317-101,2026-03-17,Pre-Intervention,"8"" 90",12,231.0
BATCH-20260317-101,2026-03-17,Pre-Intervention,"8"" 90",13,256.0
BATCH-20260317-101,2026-03-17,Pre-Intervention,"8"" 90",14,248.0
BATCH-20260317-101,2026-03-17,Pre-Intervention,"8"" 90",15,239.0
BATCH-20260317-101,2026-03-17,Pre-Intervention,"8"" 90",16,241.0
BATCH-20260317-101,2026-03-17,Pre-Intervention,"8"" 90",17,239.0
BATCH-20260317-101,2026-03-17,Pre-Intervention,"8"" 90",18,234.0
BATCH-20260317-101,2026-03-17,Pre-Intervention,"8"" 90",19,251.0
BATCH-20260317-101,2026-03-17,Pre-Intervention,"8"" 90",20,239.0
BATCH-20260317-101,2026-03-17,Pre-Intervention,"8"" 90",21,245.0
BATCH-20260317-101,2026-03-17,Pre-Intervention,"8"" 90",22,251.0
BATCH-20260317-101,2026-03-17,Pre-Intervention,"8"" 90",23,258.0
BATCH-20260317-101,2026-03-17,Pre-Intervention,"8"" 90",24,251.0
BATCH-20260317-101,2026-03-17,Pre-Intervention,"8"" 90",25,256.0
BATCH-20260317-101,2026-03-17,Pre-Intervention,"8"" 90",26,256.0
BATCH-20260317-101,2026-03-17,Pre-Intervention,"8"" 90",27,236.0
BATCH-20260317-101,2026-03-17,Pre-Intervention,"8"" 90",28,245.0
BATCH-20260317-101,2026-03-17,Pre-Intervention,"8"" 90",29,236.0
BATCH-20260317-101,2026-03-17,Pre-Intervention,"8"" 90",30,244.0
BATCH-20260317-101,2026-03-17,Pre-Intervention,"8"" 90",31,232.0
BATCH-20260317-101,2026-03-17,Pre-Intervention,"8"" 90",32,235.0
BATCH-20260317-101,2026-03-17,Pre-Intervention,"8"" 90",33,258.0
BATCH-20260317-101,2026-03-17,Pre-Intervention,"8"" 90",34,246.0
BATCH-20260317-101,2026-03-17,Pre-Intervention,"8"" 90",35,253.0
BATCH-20260317-101,2026-03-17,Pre-Intervention,"8"" 90",36,256.0
BATCH-20260317-101,2026-03-17,Pre-Intervention,"8"" 90",37,251.0
BATCH-20260317-101,2026-03-17,Pre-Intervention,"8"" 90",38,259.0
BATCH-20260317-101,2026-03-17,Pre-Intervention,"8"" 90",39,235.0
BATCH-20260317-101,2026-03-17,Pre-Intervention,"8"" 90",40,237.0
BATCH-20260317-101,2026-03-17,Pre-Intervention,"8"" 90",41,244.0
BATCH-20260317-101,2026-03-17,Pre-Intervention,"8"" 90",42,248.0
BATCH-20260317-101,2026-03-17,Pre-Intervention,"8"" 90",43,259.0
BATCH-20260317-101,2026-03-17,Pre-Intervention,"8"" 90",44,246.0
BATCH-20260317-101,2026-03-17,Pre-Intervention,"8"" 90",45,239.0
BATCH-20260317-101,2026-03-17,Pre-Intervention,"8"" 90",46,252.0
BATCH-20260317-101,2026-03-17,Pre-Intervention,"8"" 90",47,242.0
BATCH-20260317-101,2026-03-17,Pre-Intervention,"8"" 90",48,246.0
BATCH-20260317-101,2026-03-17,Pre-Intervention,"8"" 90",49,242.0
BATCH-20260317-101,2026-03-17,Pre-Intervention,"8"" 90",50,239.0
BATCH-20260317-101,2026-03-17,Pre-Intervention,"8"" 90",51,231.0
BATCH-20260317-101,2026-03-17,Pre-Intervention,"8"" 90",52,250.0
BATCH-20260317-101,2026-03-17,Pre-Intervention,"8"" 90",53,234.0
BATCH-20260317-101,2026-03-17,Pre-Intervention,"8"" 90",54,249.0
BATCH-20260317-101,2026-03-17,Pre-Intervention,"8"" 90",55,240.0
BATCH-20260317-101,2026-03-17,Pre-Intervention,"8"" 90",56,258.0
BATCH-20260317-101,2026-03-17,Pre-Intervention,"8"" 90",57,237.0
BATCH-20260317-101,2026-03-17,Pre-Intervention,"8"" 90",58,232.0
BATCH-20260317-101,2026-03-17,Pre-Intervention,"8"" 90",59,238.0
BATCH-20260326-102,2026-03-26,Pre-Intervention,"8"" 90",1,256.0
BATCH-20260326-102,2026-03-26,Pre-Intervention,"8"" 90",2,241.0
BATCH-20260326-102,2026-03-26,Pre-Intervention,"8"" 90",3,238.0
BATCH-20260326-102,2026-03-26,Pre-Intervention,"8"" 90",4,241.0
BATCH-20260326-102,2026-03-26,Pre-Intervention,"8"" 90",5,257.0
BATCH-20260326-102,2026-03-26,Pre-Intervention,"8"" 90",6,246.0
BATCH-20260326-102,2026-03-26,Pre-Intervention,"8"" 90",7,258.0
BATCH-20260326-102,2026-03-26,Pre-Intervention,"8"" 90",8,241.0
BATCH-20260326-102,2026-03-26,Pre-Intervention,"8"" 90",9,258.0
BATCH-20260326-102,2026-03-26,Pre-Intervention,"8"" 90",10,252.0
BATCH-20260326-102,2026-03-26,Pre-Intervention,"8"" 90",11,244.0
BATCH-20260326-102,2026-03-26,Pre-Intervention,"8"" 90",12,255.0
BATCH-20260326-102,2026-03-26,Pre-Intervention,"8"" 90",13,257.0
BATCH-20260326-102,2026-03-26,Pre-Intervention,"8"" 90",14,259.0
BATCH-20260326-102,2026-03-26,Pre-Intervention,"8"" 90",15,231.0
BATCH-20260326-102,2026-03-26,Pre-Intervention,"8"" 90",16,244.0
BATCH-20260326-102,2026-03-26,Pre-Intervention,"8"" 90",17,234.0
BATCH-20260326-102,2026-03-26,Pre-Intervention,"8"" 90",18,258.0
BATCH-20260326-102,2026-03-26,Pre-Intervention,"8"" 90",19,233.0
BATCH-20260326-102,2026-03-26,Pre-Intervention,"8"" 90",20,230.0
BATCH-20260326-102,2026-03-26,Pre-Intervention,"8"" 90",21,247.0
BATCH-20260326-102,2026-03-26,Pre-Intervention,"8"" 90",22,245.0
BATCH-20260326-102,2026-03-26,Pre-Intervention,"8"" 90",23,250.0
BATCH-20260327-103,2026-03-27,Pre-Intervention,"8"" 90",1,247.0
BATCH-20260327-103,2026-03-27,Pre-Intervention,"8"" 90",2,255.0
BATCH-20260327-103,2026-03-27,Pre-Intervention,"8"" 90",3,253.0
BATCH-20260327-103,2026-03-27,Pre-Intervention,"8"" 90",4,247.0
BATCH-20260327-103,2026-03-27,Pre-Intervention,"8"" 90",5,220.0
BATCH-20260327-103,2026-03-27,Pre-Intervention,"8"" 90",6,250.0
BATCH-20260327-103,2026-03-27,Pre-Intervention,"8"" 90",7,254.0
BATCH-20260327-103,2026-03-27,Pre-Intervention,"8"" 90",8,239.0
BATCH-20260327-103,2026-03-27,Pre-Intervention,"8"" 90",9,235.0
BATCH-20260327-103,2026-03-27,Pre-Intervention,"8"" 90",10,221.0
BATCH-20260327-103,2026-03-27,Pre-Intervention,"8"" 90",11,243.0
BATCH-20260327-103,2026-03-27,Pre-Intervention,"8"" 90",12,244.0
BATCH-20260327-103,2026-03-27,Pre-Intervention,"8"" 90",13,225.0
BATCH-20260327-103,2026-03-27,Pre-Intervention,"8"" 90",14,242.0
BATCH-20260327-103,2026-03-27,Pre-Intervention,"8"" 90",15,223.0
BATCH-20260327-103,2026-03-27,Pre-Intervention,"8"" 90",16,242.0
BATCH-20260327-103,2026-03-27,Pre-Intervention,"8"" 90",17,237.0
BATCH-20260327-103,2026-03-27,Pre-Intervention,"8"" 90",18,220.0
BATCH-20260327-103,2026-03-27,Pre-Intervention,"8"" 90",19,243.0
BATCH-20260327-103,2026-03-27,Pre-Intervention,"8"" 90",20,233.0
BATCH-20260327-103,2026-03-27,Pre-Intervention,"8"" 90",21,241.0
BATCH-20260327-103,2026-03-27,Pre-Intervention,"8"" 90",22,234.0
BATCH-20260327-103,2026-03-27,Pre-Intervention,"8"" 90",23,241.0
BATCH-20260327-103,2026-03-27,Pre-Intervention,"8"" 90",24,233.0
BATCH-20260327-103,2026-03-27,Pre-Intervention,"8"" 90",25,251.0
BATCH-20260327-103,2026-03-27,Pre-Intervention,"8"" 90",26,253.0
BATCH-20260327-103,2026-03-27,Pre-Intervention,"8"" 90",27,220.0
BATCH-20260327-103,2026-03-27,Pre-Intervention,"8"" 90",28,237.0
BATCH-20260327-103,2026-03-27,Pre-Intervention,"8"" 90",29,225.0
BATCH-20260327-103,2026-03-27,Pre-Intervention,"8"" 90",30,249.0
BATCH-20260327-103,2026-03-27,Pre-Intervention,"8"" 90",31,237.0
BATCH-20260327-103,2026-03-27,Pre-Intervention,"8"" 90",32,236.0
BATCH-20260327-103,2026-03-27,Pre-Intervention,"8"" 90",33,222.0
BATCH-20260327-103,2026-03-27,Pre-Intervention,"8"" 90",34,232.0
BATCH-20260327-103,2026-03-27,Pre-Intervention,"8"" 90",35,247.0
BATCH-20260327-103,2026-03-27,Pre-Intervention,"8"" 90",36,244.0
BATCH-20260327-103,2026-03-27,Pre-Intervention,"8"" 90",37,238.0
BATCH-20260327-103,2026-03-27,Pre-Intervention,"8"" 90",38,244.0
BATCH-20260327-103,2026-03-27,Pre-Intervention,"8"" 90",39,232.0
BATCH-20260327-103,2026-03-27,Pre-Intervention,"8"" 90",40,253.0
BATCH-20260327-103,2026-03-27,Pre-Intervention,"8"" 90",41,220.0
BATCH-20260327-103,2026-03-27,Pre-Intervention,"8"" 90",42,221.0
BATCH-20260327-103,2026-03-27,Pre-Intervention,"8"" 90",43,223.0
BATCH-20260327-103,2026-03-27,Pre-Intervention,"8"" 90",44,236.0
BATCH-20260327-103,2026-03-27,Pre-Intervention,"8"" 90",45,223.0
BATCH-20260327-103,2026-03-27,Pre-Intervention,"8"" 90",46,245.0
BATCH-20260327-103,2026-03-27,Pre-Intervention,"8"" 90",47,254.0
BATCH-20260327-103,2026-03-27,Pre-Intervention,"8"" 90",48,221.0
BATCH-20260327-103,2026-03-27,Pre-Intervention,"8"" 90",49,235.0
BATCH-20260327-103,2026-03-27,Pre-Intervention,"8"" 90",50,247.0
BATCH-20260327-103,2026-03-27,Pre-Intervention,"8"" 90",51,248.0
BATCH-20260327-103,2026-03-27,Pre-Intervention,"8"" 90",52,247.0
BATCH-20260327-103,2026-03-27,Pre-Intervention,"8"" 90",53,239.0
BATCH-20260327-103,2026-03-27,Pre-Intervention,"8"" 90",54,235.0
BATCH-20260327-103,2026-03-27,Pre-Intervention,"8"" 90",55,242.0
BATCH-20260327-103,2026-03-27,Pre-Intervention,"8"" 90",56,252.0
BATCH-20260327-103,2026-03-27,Pre-Intervention,"8"" 90",57,240.0
BATCH-20260327-103,2026-03-27,Pre-Intervention,"8"" 90",58,235.0
BATCH-20260327-103,2026-03-27,Pre-Intervention,"8"" 90",59,232.0
BATCH-20260327-103,2026-03-27,Pre-Intervention,"8"" 90",60,249.0
BATCH-20260327-103,2026-03-27,Pre-Intervention,"8"" 90",61,253.0
BATCH-20260328-104,2026-03-28,Pre-Intervention,"8"" 90",1,239.0
BATCH-20260328-104,2026-03-28,Pre-Intervention,"8"" 90",2,232.0
BATCH-20260328-104,2026-03-28,Pre-Intervention,"8"" 90",3,246.0
BATCH-20260328-104,2026-03-28,Pre-Intervention,"8"" 90",4,225.0
BATCH-20260328-104,2026-03-28,Pre-Intervention,"8"" 90",5,252.0
BATCH-20260328-104,2026-03-28,Pre-Intervention,"8"" 90",6,242.0
BATCH-20260328-104,2026-03-28,Pre-Intervention,"8"" 90",7,241.0
BATCH-20260328-104,2026-03-28,Pre-Intervention,"8"" 90",8,241.0
BATCH-20260328-104,2026-03-28,Pre-Intervention,"8"" 90",9,238.0
BATCH-20260328-104,2026-03-28,Pre-Intervention,"8"" 90",10,243.0
BATCH-20260328-104,2026-03-28,Pre-Intervention,"8"" 90",11,231.0
BATCH-20260328-104,2026-03-28,Pre-Intervention,"8"" 90",12,245.0
BATCH-20260328-104,2026-03-28,Pre-Intervention,"8"" 90",13,246.0
BATCH-20260328-104,2026-03-28,Pre-Intervention,"8"" 90",14,224.0
BATCH-20260328-104,2026-03-28,Pre-Intervention,"8"" 90",15,232.0
BATCH-20260328-104,2026-03-28,Pre-Intervention,"8"" 90",16,234.0
BATCH-20260328-104,2026-03-28,Pre-Intervention,"8"" 90",17,235.0
BATCH-20260328-104,2026-03-28,Pre-Intervention,"8"" 90",18,223.0
BATCH-20260328-104,2026-03-28,Pre-Intervention,"8"" 90",19,244.0
BATCH-20260328-104,2026-03-28,Pre-Intervention,"8"" 90",20,238.0
BATCH-20260328-104,2026-03-28,Pre-Intervention,"8"" 90",21,220.0
BATCH-20260328-104,2026-03-28,Pre-Intervention,"8"" 90",22,231.0
BATCH-20260328-104,2026-03-28,Pre-Intervention,"8"" 90",23,223.0
BATCH-20260328-104,2026-03-28,Pre-Intervention,"8"" 90",24,221.0
BATCH-20260328-104,2026-03-28,Pre-Intervention,"8"" 90",25,241.0
BATCH-20260328-104,2026-03-28,Pre-Intervention,"8"" 90",26,244.0
BATCH-20260328-104,2026-03-28,Pre-Intervention,"8"" 90",27,254.0
BATCH-20260328-104,2026-03-28,Pre-Intervention,"8"" 90",28,226.0
BATCH-20260328-104,2026-03-28,Pre-Intervention,"8"" 90",29,242.0
BATCH-20260328-104,2026-03-28,Pre-Intervention,"8"" 90",30,235.0
BATCH-20260328-104,2026-03-28,Pre-Intervention,"8"" 90",31,253.0
BATCH-20260328-104,2026-03-28,Pre-Intervention,"8"" 90",32,220.0
BATCH-20260328-104,2026-03-28,Pre-Intervention,"8"" 90",33,237.0
BATCH-20260328-104,2026-03-28,Pre-Intervention,"8"" 90",34,253.0
BATCH-20260328-104,2026-03-28,Pre-Intervention,"8"" 90",35,253.0
BATCH-20260328-104,2026-03-28,Pre-Intervention,"8"" 90",36,255.0
BATCH-20260328-104,2026-03-28,Pre-Intervention,"8"" 90",37,234.0
BATCH-20260328-104,2026-03-28,Pre-Intervention,"8"" 90",38,225.0
BATCH-20260328-104,2026-03-28,Pre-Intervention,"8"" 90",39,231.0
BATCH-20260328-104,2026-03-28,Pre-Intervention,"8"" 90",40,244.0
BATCH-20260328-104,2026-03-28,Pre-Intervention,"8"" 90",41,242.0
BATCH-20260328-104,2026-03-28,Pre-Intervention,"8"" 90",42,220.0
BATCH-20260328-104,2026-03-28,Pre-Intervention,"8"" 90",43,235.0
BATCH-20260328-104,2026-03-28,Pre-Intervention,"8"" 90",44,254.0
BATCH-20260328-104,2026-03-28,Pre-Intervention,"8"" 90",45,222.0
BATCH-20260328-104,2026-03-28,Pre-Intervention,"8"" 90",46,238.0
BATCH-20260328-104,2026-03-28,Pre-Intervention,"8"" 90",47,220.0
BATCH-20260328-104,2026-03-28,Pre-Intervention,"8"" 90",48,222.0
BATCH-20260328-104,2026-03-28,Pre-Intervention,"8"" 90",49,223.0
BATCH-20260328-104,2026-03-28,Pre-Intervention,"8"" 90",50,224.0
BATCH-20260328-104,2026-03-28,Pre-Intervention,"8"" 90",51,234.0
BATCH-20260328-104,2026-03-28,Pre-Intervention,"8"" 90",52,249.0
BATCH-20260328-104,2026-03-28,Pre-Intervention,"8"" 90",53,223.0
BATCH-20260328-104,2026-03-28,Pre-Intervention,"8"" 90",54,251.0
BATCH-20260328-104,2026-03-28,Pre-Intervention,"8"" 90",55,225.0
BATCH-20260329-105,2026-03-29,Pre-Intervention,"8"" 90",1,212.0
BATCH-20260329-105,2026-03-29,Pre-Intervention,"8"" 90",2,233.0
BATCH-20260329-105,2026-03-29,Pre-Intervention,"8"" 90",3,234.0
BATCH-20260329-105,2026-03-29,Pre-Intervention,"8"" 90",4,212.0
BATCH-20260329-105,2026-03-29,Pre-Intervention,"8"" 90",5,230.0
BATCH-20260329-105,2026-03-29,Pre-Intervention,"8"" 90",6,235.0
BATCH-20260329-105,2026-03-29,Pre-Intervention,"8"" 90",7,212.0
BATCH-20260329-105,2026-03-29,Pre-Intervention,"8"" 90",8,236.0
BATCH-20260329-105,2026-03-29,Pre-Intervention,"8"" 90",9,242.0
BATCH-20260329-105,2026-03-29,Pre-Intervention,"8"" 90",10,214.0
BATCH-20260329-105,2026-03-29,Pre-Intervention,"8"" 90",11,247.0
BATCH-20260329-105,2026-03-29,Pre-Intervention,"8"" 90",12,220.0
BATCH-20260329-105,2026-03-29,Pre-Intervention,"8"" 90",13,247.0
BATCH-20260329-105,2026-03-29,Pre-Intervention,"8"" 90",14,210.0
BATCH-20260329-105,2026-03-29,Pre-Intervention,"8"" 90",15,234.0
BATCH-20260329-105,2026-03-29,Pre-Intervention,"8"" 90",16,250.0
BATCH-20260329-105,2026-03-29,Pre-Intervention,"8"" 90",17,223.0
BATCH-20260329-105,2026-03-29,Pre-Intervention,"8"" 90",18,218.0
BATCH-20260329-105,2026-03-29,Pre-Intervention,"8"" 90",19,230.0
BATCH-20260329-105,2026-03-29,Pre-Intervention,"8"" 90",20,237.0
BATCH-20260329-105,2026-03-29,Pre-Intervention,"8"" 90",21,215.0
BATCH-20260329-105,2026-03-29,Pre-Intervention,"8"" 90",22,216.0
BATCH-20260329-105,2026-03-29,Pre-Intervention,"8"" 90",23,218.0
BATCH-20260329-105,2026-03-29,Pre-Intervention,"8"" 90",24,230.0
BATCH-20260329-105,2026-03-29,Pre-Intervention,"8"" 90",25,236.0
BATCH-20260329-105,2026-03-29,Pre-Intervention,"8"" 90",26,210.0
BATCH-20260329-105,2026-03-29,Pre-Intervention,"8"" 90",27,221.0
BATCH-20260329-105,2026-03-29,Pre-Intervention,"8"" 90",28,235.0
BATCH-20260329-105,2026-03-29,Pre-Intervention,"8"" 90",29,224.0
BATCH-20260329-105,2026-03-29,Pre-Intervention,"8"" 90",30,246.0
BATCH-20260329-105,2026-03-29,Pre-Intervention,"8"" 90",31,223.0
BATCH-20260329-105,2026-03-29,Pre-Intervention,"8"" 90",32,232.0
BATCH-20260329-105,2026-03-29,Pre-Intervention,"8"" 90",33,237.0
BATCH-20260329-105,2026-03-29,Pre-Intervention,"8"" 90",34,229.0
BATCH-20260329-105,2026-03-29,Pre-Intervention,"8"" 90",35,242.0
BATCH-20260329-105,2026-03-29,Pre-Intervention,"8"" 90",36,211.0
BATCH-20260329-105,2026-03-29,Pre-Intervention,"8"" 90",37,218.0
BATCH-20260329-105,2026-03-29,Pre-Intervention,"8"" 90",38,229.0
BATCH-20260329-105,2026-03-29,Pre-Intervention,"8"" 90",39,249.0
BATCH-20260329-105,2026-03-29,Pre-Intervention,"8"" 90",40,211.0
BATCH-20260329-105,2026-03-29,Pre-Intervention,"8"" 90",41,222.0
BATCH-20260329-105,2026-03-29,Pre-Intervention,"8"" 90",42,236.0
BATCH-20260329-105,2026-03-29,Pre-Intervention,"8"" 90",43,250.0
BATCH-20260329-105,2026-03-29,Pre-Intervention,"8"" 90",44,232.0
BATCH-20260329-105,2026-03-29,Pre-Intervention,"8"" 90",45,228.0
BATCH-20260331-106,2026-03-31,Pre-Intervention,"8"" 90",1,224.0
BATCH-20260331-106,2026-03-31,Pre-Intervention,"8"" 90",2,233.0
BATCH-20260331-106,2026-03-31,Pre-Intervention,"8"" 90",3,235.0
BATCH-20260331-106,2026-03-31,Pre-Intervention,"8"" 90",4,220.0
BATCH-20260331-106,2026-03-31,Pre-Intervention,"8"" 90",5,225.0
BATCH-20260331-106,2026-03-31,Pre-Intervention,"8"" 90",6,225.0
BATCH-20260331-106,2026-03-31,Pre-Intervention,"8"" 90",7,253.0
BATCH-20260331-106,2026-03-31,Pre-Intervention,"8"" 90",8,255.0
BATCH-20260331-106,2026-03-31,Pre-Intervention,"8"" 90",9,257.0
BATCH-20260331-106,2026-03-31,Pre-Intervention,"8"" 90",10,247.0
BATCH-20260331-106,2026-03-31,Pre-Intervention,"8"" 90",11,210.0
BATCH-20260331-106,2026-03-31,Pre-Intervention,"8"" 90",12,232.0
BATCH-20260331-106,2026-03-31,Pre-Intervention,"8"" 90",13,219.0
BATCH-20260331-106,2026-03-31,Pre-Intervention,"8"" 90",14,249.0
BATCH-20260331-106,2026-03-31,Pre-Intervention,"8"" 90",15,247.0
BATCH-20260331-106,2026-03-31,Pre-Intervention,"8"" 90",16,251.0
BATCH-20260331-106,2026-03-31,Pre-Intervention,"8"" 90",17,247.0
BATCH-20260331-106,2026-03-31,Pre-Intervention,"8"" 90",18,251.0
BATCH-20260331-106,2026-03-31,Pre-Intervention,"8"" 90",19,238.0
BATCH-20260331-106,2026-03-31,Pre-Intervention,"8"" 90",20,254.0
BATCH-20260331-106,2026-03-31,Pre-Intervention,"8"" 90",21,244.0
BATCH-20260331-106,2026-03-31,Pre-Intervention,"8"" 90",22,241.0
BATCH-20260331-106,2026-03-31,Pre-Intervention,"8"" 90",23,240.0
BATCH-20260331-106,2026-03-31,Pre-Intervention,"8"" 90",24,247.0
BATCH-20260331-106,2026-03-31,Pre-Intervention,"8"" 90",25,216.0
BATCH-20260331-106,2026-03-31,Pre-Intervention,"8"" 90",26,222.0
BATCH-20260331-106,2026-03-31,Pre-Intervention,"8"" 90",27,240.0
BATCH-20260331-106,2026-03-31,Pre-Intervention,"8"" 90",28,248.0
BATCH-20260331-106,2026-03-31,Pre-Intervention,"8"" 90",29,229.0
BATCH-20260306-107,2026-03-06,Pre-Intervention,50x150x600,1,243.0
BATCH-20260306-107,2026-03-06,Pre-Intervention,50x150x600,2,236.0
BATCH-20260306-107,2026-03-06,Pre-Intervention,50x150x600,3,249.0
BATCH-20260306-107,2026-03-06,Pre-Intervention,50x150x600,4,241.0
BATCH-20260306-107,2026-03-06,Pre-Intervention,50x150x600,5,247.0
BATCH-20260306-107,2026-03-06,Pre-Intervention,50x150x600,6,221.0
BATCH-20260306-107,2026-03-06,Pre-Intervention,50x150x600,7,248.0
BATCH-20260306-107,2026-03-06,Pre-Intervention,50x150x600,8,241.0
BATCH-20260306-107,2026-03-06,Pre-Intervention,50x150x600,9,245.0
BATCH-20260306-107,2026-03-06,Pre-Intervention,50x150x600,10,230.0
BATCH-20260306-107,2026-03-06,Pre-Intervention,50x150x600,11,228.0
BATCH-20260307-108,2026-03-07,Pre-Intervention,50x150x600,1,230.0
BATCH-20260307-108,2026-03-07,Pre-Intervention,50x150x600,2,232.0
BATCH-20260307-108,2026-03-07,Pre-Intervention,50x150x600,3,210.0
BATCH-20260307-108,2026-03-07,Pre-Intervention,50x150x600,4,238.0
BATCH-20260903-109,2026-09-03,Post-Intervention,150x50,1,249.0
BATCH-20260903-109,2026-09-03,Post-Intervention,150x50,2,245.0
BATCH-20260903-109,2026-09-03,Post-Intervention,150x50,3,231.0
BATCH-20260903-109,2026-09-03,Post-Intervention,150x50,4,243.0
BATCH-20260903-109,2026-09-03,Post-Intervention,150x50,5,239.0
BATCH-20260903-109,2026-09-03,Post-Intervention,150x50,6,243.0
BATCH-20260903-109,2026-09-03,Post-Intervention,150x50,7,257.0
BATCH-20260903-109,2026-09-03,Post-Intervention,150x50,8,227.0
BATCH-20260903-109,2026-09-03,Post-Intervention,150x50,9,243.0
BATCH-20260903-109,2026-09-03,Post-Intervention,150x50,10,241.0
BATCH-20260903-109,2026-09-03,Post-Intervention,150x50,11,241.0
BATCH-20260903-109,2026-09-03,Post-Intervention,150x50,12,244.0
BATCH-20260903-109,2026-09-03,Post-Intervention,150x50,13,258.0
BATCH-20260903-109,2026-09-03,Post-Intervention,150x50,14,260.0
BATCH-20260903-109,2026-09-03,Post-Intervention,150x50,15,236.0
BATCH-20260903-109,2026-09-03,Post-Intervention,150x50,16,255.0
BATCH-20260903-109,2026-09-03,Post-Intervention,150x50,17,230.0
BATCH-20260903-109,2026-09-03,Post-Intervention,150x50,18,242.0
BATCH-20260903-109,2026-09-03,Post-Intervention,150x50,19,256.0
BATCH-20260903-109,2026-09-03,Post-Intervention,150x50,20,231.0
BATCH-20260903-109,2026-09-03,Post-Intervention,150x50,21,244.0
BATCH-20260903-109,2026-09-03,Post-Intervention,150x50,22,245.0
BATCH-20260903-109,2026-09-03,Post-Intervention,150x50,23,257.0
BATCH-20260903-109,2026-09-03,Post-Intervention,150x50,24,245.0
BATCH-20260903-109,2026-09-03,Post-Intervention,150x50,25,257.0
BATCH-20260903-109,2026-09-03,Post-Intervention,150x50,26,247.0
BATCH-20260903-109,2026-09-03,Post-Intervention,150x50,27,249.0
BATCH-20260903-109,2026-09-03,Post-Intervention,150x50,28,258.0
BATCH-20260903-109,2026-09-03,Post-Intervention,150x50,29,230.0
BATCH-20260812-110,2026-08-12,Post-Intervention,150x50,1,247.0
BATCH-20260812-110,2026-08-12,Post-Intervention,150x50,2,239.0
BATCH-20260812-110,2026-08-12,Post-Intervention,150x50,3,252.0
BATCH-20260812-110,2026-08-12,Post-Intervention,150x50,4,232.0
BATCH-20260812-110,2026-08-12,Post-Intervention,150x50,5,256.0
BATCH-20260812-110,2026-08-12,Post-Intervention,150x50,6,259.0
BATCH-20260812-110,2026-08-12,Post-Intervention,150x50,7,249.0
BATCH-20260812-110,2026-08-12,Post-Intervention,150x50,8,237.0
BATCH-20260812-110,2026-08-12,Post-Intervention,150x50,9,241.0
BATCH-20260812-110,2026-08-12,Post-Intervention,150x50,10,247.0
BATCH-20260812-110,2026-08-12,Post-Intervention,150x50,11,227.0
BATCH-20260812-110,2026-08-12,Post-Intervention,150x50,12,256.0
BATCH-20260812-110,2026-08-12,Post-Intervention,150x50,13,253.0
BATCH-20260812-110,2026-08-12,Post-Intervention,150x50,14,240.0
BATCH-20260812-110,2026-08-12,Post-Intervention,150x50,15,236.0
BATCH-20260812-110,2026-08-12,Post-Intervention,150x50,16,256.0
BATCH-20260812-110,2026-08-12,Post-Intervention,150x50,17,231.0
BATCH-20260812-110,2026-08-12,Post-Intervention,150x50,18,257.0
BATCH-20260812-110,2026-08-12,Post-Intervention,150x50,19,243.0
BATCH-20260812-110,2026-08-12,Post-Intervention,150x50,20,252.0
BATCH-20260812-110,2026-08-12,Post-Intervention,150x50,21,230.0
BATCH-20260812-110,2026-08-12,Post-Intervention,150x50,22,252.0
BATCH-20260812-110,2026-08-12,Post-Intervention,150x50,23,226.0
BATCH-20260812-110,2026-08-12,Post-Intervention,150x50,24,228.0
BATCH-20260812-110,2026-08-12,Post-Intervention,150x50,25,254.0
BATCH-20260812-110,2026-08-12,Post-Intervention,150x50,26,249.0
BATCH-20260812-110,2026-08-12,Post-Intervention,150x50,27,243.0
BATCH-20260812-110,2026-08-12,Post-Intervention,150x50,28,252.0
BATCH-20260812-110,2026-08-12,Post-Intervention,150x50,29,259.0
BATCH-20260812-110,2026-08-12,Post-Intervention,150x50,30,225.0
BATCH-20260313-111,2026-03-13,Pre-Intervention,50x150x600,1,214.0
BATCH-20260313-111,2026-03-13,Pre-Intervention,50x150x600,2,247.0
BATCH-20260313-111,2026-03-13,Pre-Intervention,50x150x600,3,220.0
BATCH-20260313-111,2026-03-13,Pre-Intervention,50x150x600,4,219.0
BATCH-20260313-111,2026-03-13,Pre-Intervention,50x150x600,5,228.0
BATCH-20260313-111,2026-03-13,Pre-Intervention,50x150x600,6,246.0
BATCH-20260313-111,2026-03-13,Pre-Intervention,50x150x600,7,244.0
BATCH-20260313-111,2026-03-13,Pre-Intervention,50x150x600,8,220.0
BATCH-20260720-112,2026-07-20,Post-Intervention,150x50,1,251.0
BATCH-20260720-112,2026-07-20,Post-Intervention,150x50,2,237.0
BATCH-20260720-112,2026-07-20,Post-Intervention,150x50,3,244.0
BATCH-20260720-112,2026-07-20,Post-Intervention,150x50,4,256.0
BATCH-20260720-112,2026-07-20,Post-Intervention,150x50,5,254.0
BATCH-20260720-112,2026-07-20,Post-Intervention,150x50,6,248.0
BATCH-20260720-112,2026-07-20,Post-Intervention,150x50,7,240.0
BATCH-20260720-112,2026-07-20,Post-Intervention,150x50,8,244.0
BATCH-20260720-112,2026-07-20,Post-Intervention,150x50,9,269.0
BATCH-20260720-112,2026-07-20,Post-Intervention,150x50,10,265.0
BATCH-20260720-112,2026-07-20,Post-Intervention,150x50,11,232.0
BATCH-20260720-112,2026-07-20,Post-Intervention,150x50,12,229.0
BATCH-20260720-112,2026-07-20,Post-Intervention,150x50,13,242.0
BATCH-20260720-112,2026-07-20,Post-Intervention,150x50,14,269.0
BATCH-20260720-112,2026-07-20,Post-Intervention,150x50,15,248.0
BATCH-20260720-112,2026-07-20,Post-Intervention,150x50,16,232.0
BATCH-20260720-112,2026-07-20,Post-Intervention,150x50,17,244.0
BATCH-20260720-112,2026-07-20,Post-Intervention,150x50,18,251.0
BATCH-20260720-112,2026-07-20,Post-Intervention,150x50,19,254.0
BATCH-20260720-112,2026-07-20,Post-Intervention,150x50,20,263.0
BATCH-20260720-112,2026-07-20,Post-Intervention,150x50,21,244.0
BATCH-20260720-112,2026-07-20,Post-Intervention,150x50,22,253.0
BATCH-20260720-112,2026-07-20,Post-Intervention,150x50,23,231.0
BATCH-20260720-112,2026-07-20,Post-Intervention,150x50,24,248.0
BATCH-20260720-112,2026-07-20,Post-Intervention,150x50,25,250.0
BATCH-20260720-112,2026-07-20,Post-Intervention,150x50,26,259.0
BATCH-20260720-112,2026-07-20,Post-Intervention,150x50,27,247.0
BATCH-20260720-112,2026-07-20,Post-Intervention,150x50,28,244.0
BATCH-20260720-112,2026-07-20,Post-Intervention,150x50,29,233.0
BATCH-20260720-112,2026-07-20,Post-Intervention,150x50,30,253.0
BATCH-20260720-112,2026-07-20,Post-Intervention,150x50,31,228.0
BATCH-20260720-112,2026-07-20,Post-Intervention,150x50,32,236.0
BATCH-20260720-112,2026-07-20,Post-Intervention,150x50,33,262.0
BATCH-20260720-112,2026-07-20,Post-Intervention,150x50,34,251.0
BATCH-20260720-112,2026-07-20,Post-Intervention,150x50,35,256.0
BATCH-20260720-112,2026-07-20,Post-Intervention,150x50,36,245.0
BATCH-20260720-112,2026-07-20,Post-Intervention,150x50,37,245.0
BATCH-20260720-112,2026-07-20,Post-Intervention,150x50,38,260.0
BATCH-20260821-113,2026-08-21,Post-Intervention,150x50,1,258.0
BATCH-20260821-113,2026-08-21,Post-Intervention,150x50,2,260.0
BATCH-20260821-113,2026-08-21,Post-Intervention,150x50,3,248.0
BATCH-20260821-113,2026-08-21,Post-Intervention,150x50,4,234.0
BATCH-20260821-113,2026-08-21,Post-Intervention,150x50,5,241.0
BATCH-20260821-113,2026-08-21,Post-Intervention,150x50,6,235.0
BATCH-20260821-113,2026-08-21,Post-Intervention,150x50,7,235.0
BATCH-20260821-113,2026-08-21,Post-Intervention,150x50,8,260.0
BATCH-20260821-113,2026-08-21,Post-Intervention,150x50,9,241.0
BATCH-20260821-113,2026-08-21,Post-Intervention,150x50,10,262.0
BATCH-20260821-113,2026-08-21,Post-Intervention,150x50,11,238.0
BATCH-20260821-113,2026-08-21,Post-Intervention,150x50,12,227.0
BATCH-20260821-113,2026-08-21,Post-Intervention,150x50,13,257.0
BATCH-20260821-113,2026-08-21,Post-Intervention,150x50,14,267.0
BATCH-20260821-113,2026-08-21,Post-Intervention,150x50,15,268.0
BATCH-20260821-113,2026-08-21,Post-Intervention,150x50,16,262.0
BATCH-20260821-113,2026-08-21,Post-Intervention,150x50,17,260.0
BATCH-20260821-113,2026-08-21,Post-Intervention,150x50,18,260.0
BATCH-20260821-113,2026-08-21,Post-Intervention,150x50,19,226.0
BATCH-20260821-113,2026-08-21,Post-Intervention,150x50,20,252.0
BATCH-20260821-113,2026-08-21,Post-Intervention,150x50,21,265.0
BATCH-20260821-113,2026-08-21,Post-Intervention,150x50,22,226.0
BATCH-20260821-113,2026-08-21,Post-Intervention,150x50,23,226.0
BATCH-20260821-113,2026-08-21,Post-Intervention,150x50,24,252.0
BATCH-20260821-113,2026-08-21,Post-Intervention,150x50,25,254.0
BATCH-20260821-113,2026-08-21,Post-Intervention,150x50,26,255.0
BATCH-20260821-113,2026-08-21,Post-Intervention,150x50,27,235.0
BATCH-20260821-113,2026-08-21,Post-Intervention,150x50,28,257.0
BATCH-20260821-113,2026-08-21,Post-Intervention,150x50,29,238.0
BATCH-20260821-113,2026-08-21,Post-Intervention,150x50,30,250.0
BATCH-20260821-113,2026-08-21,Post-Intervention,150x50,31,237.0
BATCH-20260821-113,2026-08-21,Post-Intervention,150x50,32,256.0
BATCH-20260821-113,2026-08-21,Post-Intervention,150x50,33,233.0
BATCH-20260821-113,2026-08-21,Post-Intervention,150x50,34,231.0
BATCH-20260821-113,2026-08-21,Post-Intervention,150x50,35,270.0
BATCH-20260821-113,2026-08-21,Post-Intervention,150x50,36,230.0
BATCH-20260821-113,2026-08-21,Post-Intervention,150x50,37,225.0
BATCH-20260821-113,2026-08-21,Post-Intervention,150x50,38,269.0
BATCH-20260821-113,2026-08-21,Post-Intervention,150x50,39,226.0
BATCH-20260821-113,2026-08-21,Post-Intervention,150x50,40,257.0
BATCH-20260821-113,2026-08-21,Post-Intervention,150x50,41,244.0
BATCH-20260821-113,2026-08-21,Post-Intervention,150x50,42,244.0
BATCH-20260730-114,2026-07-30,Post-Intervention,150x50,1,249.0
BATCH-20260730-114,2026-07-30,Post-Intervention,150x50,2,270.0
BATCH-20260730-114,2026-07-30,Post-Intervention,150x50,3,266.0
BATCH-20260730-114,2026-07-30,Post-Intervention,150x50,4,247.0
BATCH-20260730-114,2026-07-30,Post-Intervention,150x50,5,232.0
BATCH-20260730-114,2026-07-30,Post-Intervention,150x50,6,243.0
BATCH-20260730-114,2026-07-30,Post-Intervention,150x50,7,229.0
BATCH-20260730-114,2026-07-30,Post-Intervention,150x50,8,244.0
BATCH-20260730-114,2026-07-30,Post-Intervention,150x50,9,255.0
BATCH-20260730-114,2026-07-30,Post-Intervention,150x50,10,238.0
BATCH-20260730-114,2026-07-30,Post-Intervention,150x50,11,247.0
BATCH-20260730-114,2026-07-30,Post-Intervention,150x50,12,251.0
BATCH-20260730-114,2026-07-30,Post-Intervention,150x50,13,248.0
BATCH-20260730-114,2026-07-30,Post-Intervention,150x50,14,244.0
BATCH-20260730-114,2026-07-30,Post-Intervention,150x50,15,243.0
BATCH-20260730-114,2026-07-30,Post-Intervention,150x50,16,229.0
BATCH-20260730-114,2026-07-30,Post-Intervention,150x50,17,227.0
BATCH-20260730-114,2026-07-30,Post-Intervention,150x50,18,243.0
BATCH-20260730-114,2026-07-30,Post-Intervention,150x50,19,229.0
BATCH-20260730-114,2026-07-30,Post-Intervention,150x50,20,269.0
BATCH-20260730-114,2026-07-30,Post-Intervention,150x50,21,232.0
BATCH-20260730-114,2026-07-30,Post-Intervention,150x50,22,230.0
BATCH-20260730-114,2026-07-30,Post-Intervention,150x50,23,256.0
BATCH-20260730-114,2026-07-30,Post-Intervention,150x50,24,255.0
BATCH-20260730-114,2026-07-30,Post-Intervention,150x50,25,228.0
BATCH-20260730-114,2026-07-30,Post-Intervention,150x50,26,240.0
BATCH-20260730-114,2026-07-30,Post-Intervention,150x50,27,265.0
BATCH-20260730-114,2026-07-30,Post-Intervention,150x50,28,240.0
BATCH-20260730-114,2026-07-30,Post-Intervention,150x50,29,246.0
BATCH-20260730-114,2026-07-30,Post-Intervention,150x50,30,266.0
BATCH-20260730-114,2026-07-30,Post-Intervention,150x50,31,236.0
BATCH-20260730-114,2026-07-30,Post-Intervention,150x50,32,267.0
BATCH-20260730-114,2026-07-30,Post-Intervention,150x50,33,235.0
BATCH-20260730-114,2026-07-30,Post-Intervention,150x50,34,238.0
BATCH-20260730-114,2026-07-30,Post-Intervention,150x50,35,247.0
BATCH-20260730-114,2026-07-30,Post-Intervention,150x50,36,230.0
BATCH-20260812-115,2026-08-12,Post-Intervention,50x300x600,1,237.0
BATCH-20260812-115,2026-08-12,Post-Intervention,50x300x600,2,232.0
BATCH-20260812-115,2026-08-12,Post-Intervention,50x300x600,3,249.0
BATCH-20260812-115,2026-08-12,Post-Intervention,50x300x600,4,224.0
BATCH-20260812-115,2026-08-12,Post-Intervention,50x300x600,5,247.0
BATCH-20260812-115,2026-08-12,Post-Intervention,50x300x600,6,219.0
BATCH-20260812-115,2026-08-12,Post-Intervention,50x300x600,7,224.0
BATCH-20260812-115,2026-08-12,Post-Intervention,50x300x600,8,250.0
BATCH-20260812-115,2026-08-12,Post-Intervention,50x300x600,9,237.0
BATCH-20260812-115,2026-08-12,Post-Intervention,50x300x600,10,221.0
